-- phpMyAdmin SQL Dump
-- version 5.2.1
-- https://www.phpmyadmin.net/
--
-- Servidor: 127.0.0.1
-- Tiempo de generación: 21-04-2026 a las 18:47:46
-- Versión del servidor: 10.4.32-MariaDB
-- Versión de PHP: 8.2.12

SET SQL_MODE = "NO_AUTO_VALUE_ON_ZERO";
START TRANSACTION;
SET time_zone = "+00:00";


/*!40101 SET @OLD_CHARACTER_SET_CLIENT=@@CHARACTER_SET_CLIENT */;
/*!40101 SET @OLD_CHARACTER_SET_RESULTS=@@CHARACTER_SET_RESULTS */;
/*!40101 SET @OLD_COLLATION_CONNECTION=@@COLLATION_CONNECTION */;
/*!40101 SET NAMES utf8mb4 */;

--
-- Base de datos: `ticket_rivals`
--

-- --------------------------------------------------------

--
-- Estructura de tabla para la tabla `admin_usuario_auditoria`
--

CREATE TABLE `admin_usuario_auditoria` (
  `id` int(11) NOT NULL,
  `admin_user_id` int(11) NOT NULL,
  `target_user_id` int(11) NOT NULL,
  `accion` varchar(48) NOT NULL,
  `detalle` varchar(512) DEFAULT NULL,
  `created_at` datetime NOT NULL DEFAULT current_timestamp()
) ENGINE=InnoDB DEFAULT CHARSET=utf8mb4 COLLATE=utf8mb4_unicode_ci;

--
-- Volcado de datos para la tabla `admin_usuario_auditoria`
--

INSERT INTO `admin_usuario_auditoria` (`id`, `admin_user_id`, `target_user_id`, `accion`, `detalle`, `created_at`) VALUES
(1, 21, 15, 'usuario_actualizado', '{\"antes\":{\"rol\":\"usuario\",\"activo\":1},\"despues\":{\"rol\":\"organizador\",\"activo\":1}}', '2026-04-04 01:34:14'),
(2, 21, 15, 'usuario_actualizado', '{\"antes\":{\"rol\":\"organizador\",\"activo\":1},\"despues\":{\"rol\":\"admin\",\"activo\":1}}', '2026-04-04 01:34:16'),
(3, 21, 22, 'usuario_actualizado', '{\"antes\":{\"rol\":\"usuario\",\"activo\":1},\"despues\":{\"rol\":\"organizador\",\"activo\":1}}', '2026-04-05 19:09:09'),
(4, 21, 22, 'usuario_actualizado', '{\"antes\":{\"rol\":\"organizador\",\"activo\":1},\"despues\":{\"rol\":\"admin\",\"activo\":1}}', '2026-04-05 20:02:36'),
(5, 21, 22, 'usuario_actualizado', '{\"antes\":{\"rol\":\"admin\",\"activo\":1},\"despues\":{\"rol\":\"usuario\",\"activo\":1}}', '2026-04-05 20:02:37'),
(6, 21, 22, 'usuario_actualizado', '{\"antes\":{\"rol\":\"usuario\",\"activo\":1},\"despues\":{\"rol\":\"organizador\",\"activo\":1}}', '2026-04-05 20:12:57'),
(7, 21, 22, 'usuario_actualizado', '{\"antes\":{\"rol\":\"organizador\",\"activo\":1},\"despues\":{\"rol\":\"usuario\",\"activo\":1}}', '2026-04-05 20:13:42'),
(8, 21, 22, 'usuario_actualizado', '{\"antes\":{\"rol\":\"usuario\",\"activo\":1},\"despues\":{\"rol\":\"organizador\",\"activo\":1}}', '2026-04-05 20:18:27'),
(9, 21, 22, 'usuario_actualizado', '{\"antes\":{\"rol\":\"organizador\",\"activo\":1},\"despues\":{\"rol\":\"usuario\",\"activo\":1}}', '2026-04-05 20:22:21'),
(10, 21, 22, 'usuario_actualizado', '{\"antes\":{\"rol\":\"usuario\",\"activo\":1},\"despues\":{\"rol\":\"admin\",\"activo\":1}}', '2026-04-05 20:22:22'),
(11, 21, 22, 'usuario_actualizado', '{\"antes\":{\"rol\":\"admin\",\"activo\":1},\"despues\":{\"rol\":\"usuario\",\"activo\":1}}', '2026-04-05 20:22:23'),
(12, 21, 22, 'usuario_actualizado', '{\"antes\":{\"rol\":\"usuario\",\"activo\":1},\"despues\":{\"rol\":\"organizador\",\"activo\":1}}', '2026-04-05 20:26:00'),
(13, 21, 22, 'usuario_actualizado', '{\"antes\":{\"rol\":\"organizador\",\"activo\":1},\"despues\":{\"rol\":\"usuario\",\"activo\":1}}', '2026-04-05 21:02:26'),
(14, 21, 22, 'usuario_actualizado', '{\"antes\":{\"rol\":\"usuario\",\"activo\":1},\"despues\":{\"rol\":\"admin\",\"activo\":1}}', '2026-04-05 21:05:01'),
(15, 21, 22, 'usuario_actualizado', '{\"antes\":{\"rol\":\"admin\",\"activo\":1},\"despues\":{\"rol\":\"organizador\",\"activo\":1}}', '2026-04-05 21:05:02'),
(16, 21, 22, 'usuario_actualizado', '{\"antes\":{\"rol\":\"organizador\",\"activo\":1},\"despues\":{\"rol\":\"organizador\",\"activo\":0}}', '2026-04-05 21:07:22'),
(17, 21, 22, 'usuario_actualizado', '{\"antes\":{\"rol\":\"organizador\",\"activo\":0},\"despues\":{\"rol\":\"usuario\",\"activo\":0}}', '2026-04-05 21:07:25'),
(18, 21, 22, 'usuario_actualizado', '{\"antes\":{\"rol\":\"usuario\",\"activo\":0},\"despues\":{\"rol\":\"usuario\",\"activo\":1}}', '2026-04-05 21:09:09'),
(19, 21, 23, 'usuario_actualizado', '{\"antes\":{\"rol\":\"usuario\",\"activo\":1},\"despues\":{\"rol\":\"organizador\",\"activo\":1}}', '2026-04-13 13:18:34'),
(20, 21, 22, 'usuario_actualizado', '{\"antes\":{\"rol\":\"usuario\",\"activo\":1},\"despues\":{\"rol\":\"usuario\",\"activo\":0}}', '2026-04-13 13:22:41'),
(21, 21, 22, 'usuario_actualizado', '{\"antes\":{\"rol\":\"usuario\",\"activo\":0},\"despues\":{\"rol\":\"usuario\",\"activo\":1}}', '2026-04-13 13:22:44'),
(22, 21, 22, 'usuario_actualizado', '{\"antes\":{\"rol\":\"usuario\",\"activo\":1},\"despues\":{\"rol\":\"usuario\",\"activo\":0}}', '2026-04-13 13:22:44'),
(23, 21, 22, 'usuario_actualizado', '{\"antes\":{\"rol\":\"usuario\",\"activo\":0},\"despues\":{\"rol\":\"usuario\",\"activo\":1}}', '2026-04-13 13:22:45'),
(24, 21, 23, 'usuario_actualizado', '{\"antes\":{\"rol\":\"organizador\",\"activo\":1},\"despues\":{\"rol\":\"usuario\",\"activo\":1}}', '2026-04-13 13:23:33'),
(25, 21, 23, 'usuario_actualizado', '{\"antes\":{\"rol\":\"usuario\",\"activo\":1},\"despues\":{\"rol\":\"organizador\",\"activo\":1}}', '2026-04-13 13:23:44'),
(26, 21, 22, 'usuario_actualizado', '{\"antes\":{\"rol\":\"usuario\",\"activo\":1},\"despues\":{\"rol\":\"usuario\",\"activo\":0}}', '2026-04-16 19:16:51'),
(27, 21, 22, 'usuario_actualizado', '{\"antes\":{\"rol\":\"usuario\",\"activo\":0},\"despues\":{\"rol\":\"usuario\",\"activo\":1}}', '2026-04-16 19:18:35'),
(28, 21, 23, 'usuario_actualizado', '{\"antes\":{\"rol\":\"organizador\",\"activo\":1},\"despues\":{\"rol\":\"usuario\",\"activo\":1}}', '2026-04-19 21:04:23'),
(29, 21, 23, 'usuario_actualizado', '{\"antes\":{\"rol\":\"usuario\",\"activo\":1},\"despues\":{\"rol\":\"organizador\",\"activo\":1}}', '2026-04-19 21:07:40'),
(30, 21, 22, 'usuario_actualizado', '{\"antes\":{\"rol\":\"usuario\",\"activo\":1},\"despues\":{\"rol\":\"pruebas\",\"activo\":1}}', '2026-04-20 12:36:17'),
(31, 21, 22, 'usuario_actualizado', '{\"antes\":{\"rol\":\"pruebas\",\"activo\":1},\"despues\":{\"rol\":\"usuario\",\"activo\":1}}', '2026-04-20 12:36:18'),
(32, 21, 22, 'usuario_actualizado', '{\"antes\":{\"rol\":\"usuario\",\"activo\":1},\"despues\":{\"rol\":\"pruebas\",\"activo\":1}}', '2026-04-20 12:36:22'),
(33, 21, 23, 'usuario_actualizado', '{\"antes\":{\"rol\":\"organizador\",\"activo\":1},\"despues\":{\"rol\":\"usuario\",\"activo\":1}}', '2026-04-20 12:36:23'),
(34, 21, 23, 'usuario_actualizado', '{\"antes\":{\"rol\":\"usuario\",\"activo\":1},\"despues\":{\"rol\":\"organizador\",\"activo\":1}}', '2026-04-20 12:40:31'),
(35, 21, 22, 'usuario_actualizado', '{\"antes\":{\"rol\":\"pruebas\",\"activo\":1},\"despues\":{\"rol\":\"usuario\",\"activo\":1}}', '2026-04-20 14:54:43'),
(36, 21, 22, 'usuario_actualizado', '{\"antes\":{\"rol\":\"usuario\",\"activo\":1},\"despues\":{\"rol\":\"pruebas\",\"activo\":1}}', '2026-04-20 15:41:37');

-- --------------------------------------------------------

--
-- Estructura de tabla para la tabla `boletos`
--

CREATE TABLE `boletos` (
  `id` int(11) NOT NULL,
  `codigoqr` varchar(255) NOT NULL,
  `estado` enum('creado','reservado','pagado','activo','usado','cancelado') DEFAULT 'creado',
  `idusuario` int(11) NOT NULL,
  `idevento` int(11) NOT NULL
) ENGINE=InnoDB DEFAULT CHARSET=utf8mb4 COLLATE=utf8mb4_general_ci;

-- --------------------------------------------------------

--
-- Estructura de tabla para la tabla `categorias`
--

CREATE TABLE `categorias` (
  `id` int(11) NOT NULL,
  `nombre` varchar(100) NOT NULL,
  `icono` varchar(50) DEFAULT '?',
  `color` varchar(20) DEFAULT '#4CAF50'
) ENGINE=InnoDB DEFAULT CHARSET=utf8mb4 COLLATE=utf8mb4_general_ci;

--
-- Volcado de datos para la tabla `categorias`
--

INSERT INTO `categorias` (`id`, `nombre`, `icono`, `color`) VALUES
(1, 'Conciertos', '🎵', '#E91E63'),
(2, 'Teatro', '🎭', '#9C27B0'),
(3, 'Deportes', '⚽', '#4CAF50'),
(4, 'Arte', '🎨', '#FF9800'),
(5, 'Conferencias', '🎤', '#2196F3'),
(6, 'Festival', '🎉', '#F44336'),
(7, 'Cine', '🎬', '#673AB7'),
(8, 'Otro', '📌', '#607D8B');

-- --------------------------------------------------------

--
-- Estructura de tabla para la tabla `eventos`
--

CREATE TABLE `eventos` (
  `id` int(11) NOT NULL,
  `idorganizador` int(11) NOT NULL,
  `titulo` varchar(200) NOT NULL,
  `fecha` datetime NOT NULL,
  `ubicacion` varchar(200) DEFAULT NULL,
  `capacidad` int(11) NOT NULL,
  `precio` decimal(10,2) NOT NULL,
  `boletosvendidos` int(11) DEFAULT 0,
  `imagen` varchar(255) DEFAULT NULL,
  `categoria_id` int(11) DEFAULT NULL,
  `descripcion` text DEFAULT NULL,
  `activo` tinyint(1) DEFAULT 1,
  `estado_moderacion` varchar(24) NOT NULL DEFAULT 'aprobado' COMMENT 'borrador|pendiente|aprobado|rechazado',
  `moderacion_motivo` text DEFAULT NULL COMMENT 'Motivo si rechazado',
  `destacado` tinyint(1) NOT NULL DEFAULT 0 COMMENT '1=destacado en inicio',
  `cancelado_at` datetime DEFAULT NULL COMMENT 'Fase 3: evento cancelado',
  `motivo_cancelacion` varchar(512) DEFAULT NULL,
  `fecha_fin` datetime DEFAULT NULL COMMENT 'Fin del evento',
  `recinto` varchar(255) DEFAULT NULL COMMENT 'Nombre del recinto / sala',
  `direccion` varchar(512) DEFAULT NULL COMMENT 'Dirección física',
  `url_mapa` varchar(512) DEFAULT NULL COMMENT 'Enlace Google Maps u otro',
  `venta_inicio` datetime DEFAULT NULL COMMENT 'Inicio de venta pública',
  `venta_fin` datetime DEFAULT NULL COMMENT 'Fin de venta (ej. antes del evento)',
  `limite_boletos_por_transaccion` int(11) DEFAULT 6 COMMENT 'Máx. boletos por compra (evento)',
  `generar_qr_email` tinyint(1) NOT NULL DEFAULT 1 COMMENT 'Enviar QR por correo al pagar (futuro)',
  `instrucciones_canje` text DEFAULT NULL COMMENT 'Texto para el asistente en la entrada',
  `idrecinto` int(11) DEFAULT NULL COMMENT 'Recinto del catálogo (opcional)'
) ENGINE=InnoDB DEFAULT CHARSET=utf8mb4 COLLATE=utf8mb4_general_ci;

--
-- Volcado de datos para la tabla `eventos`
--

INSERT INTO `eventos` (`id`, `idorganizador`, `titulo`, `fecha`, `ubicacion`, `capacidad`, `precio`, `boletosvendidos`, `imagen`, `categoria_id`, `descripcion`, `activo`, `estado_moderacion`, `moderacion_motivo`, `destacado`, `cancelado_at`, `motivo_cancelacion`, `fecha_fin`, `recinto`, `direccion`, `url_mapa`, `venta_inicio`, `venta_fin`, `limite_boletos_por_transaccion`, `generar_qr_email`, `instrucciones_canje`, `idrecinto`) VALUES
(9, 1, 'Prueba', '2026-04-09 07:27:00', 'mi casa', 1500, 5000.00, 0, '/uploads/event-images/1775287636973-68yrh3gp.jpg', 8, 'prueba', 1, 'rechazado', 'Falta de medidas de seguridad', 0, '2026-04-15 18:20:09', NULL, '2026-04-09 22:31:00', 'mi casa', 'mi casa', 'https://maps.app.goo.gl/i6mfu3DW3AfsisHV9', '2026-04-05 07:28:00', '2026-04-12 07:28:00', 6, 1, NULL, NULL),
(42, 23, 'Expo Colores del Desierto', '2026-04-30 13:26:00', 'SLRC · Centro', 160, 200.00, 0, 'https://images.unsplash.com/photo-1549490349-8643362247b5', 4, 'Una exposicion artistica con obras inspiradas en el desierto de sonora, donde artistas locales presentan pinturas, esculturas y arte digital. el evento busca transmitir emociones y cultura regional, ademas incluye talleres y venta de obras.', 1, 'aprobado', NULL, 0, NULL, NULL, '2026-05-01 13:26:00', 'Casa de la Cultura SLRC', 'Av madero y calle 3, centro', 'https://maps.app.goo.gl/uMV5ZtvfLfxsVYyHA', '2026-04-20 13:26:00', '2026-04-29 13:26:00', 6, 1, NULL, NULL),
(43, 23, 'Noches de Cine Bajo las Estrellas', '2026-05-01 13:29:00', 'SLRC · Bosque de la ciudad', 120, 100.00, 0, 'https://www.torontohispano.com/wp-content/uploads/2024/06/cine-toronto-e1718144024127.jpg', 7, 'proyeccion de peliculas al aire libre en un ambiente relajado, con peliculas clasicas y actuales. los asistentes pueden llevar cobijas y snacks para disfrutar una experiencia diferente de cine.', 1, 'aprobado', NULL, 0, NULL, NULL, '2026-05-01 16:29:00', 'Bosque de la Ciudad', 'Av Nuevo Leon Manzana y 7, Col del Bosque, 83490', 'https://maps.app.goo.gl/feNX8h6E4oDJJSfa9', '2026-04-20 13:29:00', '2026-04-30 13:29:00', 6, 1, NULL, NULL),
(45, 23, 'Innovacion y Tecnologia 2026', '2026-04-30 13:35:00', 'SLRC · Donde no piso dios', 80, 200.00, 0, 'https://www.great-app.com/wp-content/uploads/2025/12/IA-2026.webp', 5, 'conferencia enfocada en tecnologia, programacion y ciberseguridad. expertos comparten conocimientos sobre tendencias actuales y herramientas digitales, ideal para estudiantes y desarrolladores.', 1, 'aprobado', NULL, 0, NULL, NULL, '2026-05-01 13:35:00', 'Universidad Tecnologica', 'Av. Jalisco, 83457', 'https://maps.app.goo.gl/X9Mi2Whwadg4nD1dA', '2026-04-20 13:36:00', '2026-04-29 13:36:00', 6, 1, NULL, NULL),
(46, 23, 'Torneo Municipal de Futbol 7', '2026-04-30 13:37:00', 'SLRC · Deportiva', 80, 100.00, 0, 'https://tse4.mm.bing.net/th/id/OIP.s9t8tkD6G7LI_2UYnvgyLgHaDn?pid=Api&P=0&h=180', 3, 'competencia deportiva entre equipos locales en formato futbol 7. el evento promueve la actividad fisica y el trabajo en equipo, con premiacion para los mejores equipos.', 1, 'aprobado', NULL, 0, NULL, NULL, '2026-05-01 13:37:00', 'Parque la mesa', 'La Mesa, 83457', 'https://maps.app.goo.gl/mYqFACj5RRegnhrk7', '2026-04-20 13:38:00', '2026-04-29 13:37:00', 6, 1, NULL, NULL),
(47, 23, 'Alpha Con', '2026-11-28 11:00:00', 'SLRC · Estadio', 80, 130.00, 0, '/uploads/event-images/1776717557263-pxfj7n3n.jpg', 6, 'Convención de anime, videojuegos, k-pop, cosplay, cómics y más!', 1, 'aprobado', NULL, 1, NULL, NULL, '2026-11-28 22:00:00', 'Nuevo Estadio De Béisbol', '83480, Av Lázaro Cárdenas del Río B 707, Col del B', 'https://maps.app.goo.gl/34JtF21k5w5eyXps9', '2026-04-20 13:41:00', '2026-11-27 13:40:00', 6, 1, NULL, NULL),
(48, 23, 'John Milton: El Poder de la Mente', '2026-04-30 13:42:00', 'SLRC · Centro', 80, 100000.00, 0, 'https://cdn.milenio.com/uploads/media/2024/10/23/john-milton-seguido-historia-linaje.jpg', 8, 'un show impactante donde john milton presenta su famoso espectaculo de hipnosis en vivo. durante el evento, voluntarios del publico participan en dinamicas sorprendentes que ponen a prueba la mente y la concentracion. el espectaculo combina entretenimiento, misterio y psicologia,', 1, 'aprobado', NULL, 1, NULL, NULL, '2026-04-30 17:42:00', 'Parque Benito Juarez', 'Comercial, 83400', 'https://maps.app.goo.gl/Dpd5Mhov7iw8sg6o7', '2026-04-20 13:51:00', '2026-04-29 13:43:00', 6, 1, NULL, NULL),
(49, 23, 'Noche de Teatro Clasico', '2026-04-30 13:44:00', 'SLRC · Centro', 80, 200.00, 0, 'https://www.festivaldealmagro.com/wp-content/uploads/1990/04/el-avaro-moliere-1.jpg', 2, 'presentacion de obras teatrales clasicas interpretadas por actores locales. una experiencia cultural que mezcla drama, comedia y talento regional.', 1, 'aprobado', NULL, 0, NULL, NULL, '2026-04-30 18:44:00', 'Teatro Rio Colorado', '83450, Av Francisco I. Madero 2901, Burócrata', 'https://maps.app.goo.gl/z9mVrCiofWNYbptX7', '2026-04-20 13:45:00', '2026-04-29 13:45:00', 6, 1, NULL, NULL),
(50, 23, 'Farraon & Bizarrap', '2026-04-30 13:57:00', 'SLRC · Bosque', 1200, 100.00, 0, 'https://i.ytimg.com/vi/khU3w3GrFpY/maxresdefault.jpg', 1, 'un concierto lleno de energia, donde los artistas traen su estilo unico mezclando trap, urbano y vibes experimentales. el show incluye luces, visuales y una experiencia intensa para los fans, con sus rolas mas conocidas y algunas sorpresas en vivo. ambiente juvenil, perfecto para cantar.', 1, 'aprobado', NULL, 1, NULL, NULL, '2026-04-30 17:57:00', 'Bosque de la ciudad', 'Av Nuevo Leon Manzana y 7, Col del Bosque, 83490', 'https://maps.app.goo.gl/mq661hdi6qrjyx9y9', '2026-04-20 13:59:00', '2026-04-29 13:59:00', 6, 1, NULL, NULL);

-- --------------------------------------------------------

--
-- Estructura de tabla para la tabla `evento_asientos`
--

CREATE TABLE `evento_asientos` (
  `id` int(11) NOT NULL,
  `id_zona` int(11) NOT NULL,
  `fila` varchar(8) NOT NULL,
  `columna` smallint(5) UNSIGNED NOT NULL,
  `estado` enum('available','held','sold') NOT NULL DEFAULT 'available',
  `id_orden_held` int(11) DEFAULT NULL COMMENT 'orden pendiente que reserva el asiento',
  `id_orden_compra` int(11) DEFAULT NULL COMMENT 'orden pagada que posee el asiento',
  `held_at` datetime DEFAULT NULL
) ENGINE=InnoDB DEFAULT CHARSET=utf8mb4 COLLATE=utf8mb4_unicode_ci;

--
-- Volcado de datos para la tabla `evento_asientos`
--

INSERT INTO `evento_asientos` (`id`, `id_zona`, `fila`, `columna`, `estado`, `id_orden_held`, `id_orden_compra`, `held_at`) VALUES
(2601, 123, 'A', 1, 'available', NULL, NULL, NULL),
(2602, 123, 'A', 2, 'available', NULL, NULL, NULL),
(2603, 123, 'A', 3, 'available', NULL, NULL, NULL),
(2604, 123, 'A', 4, 'available', NULL, NULL, NULL),
(2605, 123, 'A', 5, 'available', NULL, NULL, NULL),
(2606, 123, 'A', 6, 'available', NULL, NULL, NULL),
(2607, 123, 'A', 7, 'available', NULL, NULL, NULL),
(2608, 123, 'A', 8, 'available', NULL, NULL, NULL),
(2609, 123, 'A', 9, 'available', NULL, NULL, NULL),
(2610, 123, 'A', 10, 'available', NULL, NULL, NULL),
(2611, 123, 'B', 1, 'available', NULL, NULL, NULL),
(2612, 123, 'B', 2, 'available', NULL, NULL, NULL),
(2613, 123, 'B', 3, 'available', NULL, NULL, NULL),
(2614, 123, 'B', 4, 'available', NULL, NULL, NULL),
(2615, 123, 'B', 5, 'available', NULL, NULL, NULL),
(2616, 123, 'B', 6, 'available', NULL, NULL, NULL),
(2617, 123, 'B', 7, 'available', NULL, NULL, NULL),
(2618, 123, 'B', 8, 'available', NULL, NULL, NULL),
(2619, 123, 'B', 9, 'available', NULL, NULL, NULL),
(2620, 123, 'B', 10, 'available', NULL, NULL, NULL),
(2621, 123, 'C', 1, 'available', NULL, NULL, NULL),
(2622, 123, 'C', 2, 'available', NULL, NULL, NULL),
(2623, 123, 'C', 3, 'available', NULL, NULL, NULL),
(2624, 123, 'C', 4, 'available', NULL, NULL, NULL),
(2625, 123, 'C', 5, 'available', NULL, NULL, NULL),
(2626, 123, 'C', 6, 'available', NULL, NULL, NULL),
(2627, 123, 'C', 7, 'available', NULL, NULL, NULL),
(2628, 123, 'C', 8, 'available', NULL, NULL, NULL),
(2629, 123, 'C', 9, 'available', NULL, NULL, NULL),
(2630, 123, 'C', 10, 'available', NULL, NULL, NULL),
(2631, 123, 'D', 1, 'available', NULL, NULL, NULL),
(2632, 123, 'D', 2, 'available', NULL, NULL, NULL),
(2633, 123, 'D', 3, 'available', NULL, NULL, NULL),
(2634, 123, 'D', 4, 'available', NULL, NULL, NULL),
(2635, 123, 'D', 5, 'available', NULL, NULL, NULL),
(2636, 123, 'D', 6, 'available', NULL, NULL, NULL),
(2637, 123, 'D', 7, 'available', NULL, NULL, NULL),
(2638, 123, 'D', 8, 'available', NULL, NULL, NULL),
(2639, 123, 'D', 9, 'available', NULL, NULL, NULL),
(2640, 123, 'D', 10, 'available', NULL, NULL, NULL),
(2641, 123, 'E', 1, 'available', NULL, NULL, NULL),
(2642, 123, 'E', 2, 'available', NULL, NULL, NULL),
(2643, 123, 'E', 3, 'available', NULL, NULL, NULL),
(2644, 123, 'E', 4, 'available', NULL, NULL, NULL),
(2645, 123, 'E', 5, 'available', NULL, NULL, NULL),
(2646, 123, 'E', 6, 'available', NULL, NULL, NULL),
(2647, 123, 'E', 7, 'available', NULL, NULL, NULL),
(2648, 123, 'E', 8, 'available', NULL, NULL, NULL),
(2649, 123, 'E', 9, 'available', NULL, NULL, NULL),
(2650, 123, 'E', 10, 'available', NULL, NULL, NULL),
(2651, 123, 'F', 1, 'available', NULL, NULL, NULL),
(2652, 123, 'F', 2, 'available', NULL, NULL, NULL),
(2653, 123, 'F', 3, 'available', NULL, NULL, NULL),
(2654, 123, 'F', 4, 'available', NULL, NULL, NULL),
(2655, 123, 'F', 5, 'available', NULL, NULL, NULL),
(2656, 123, 'F', 6, 'available', NULL, NULL, NULL),
(2657, 123, 'F', 7, 'available', NULL, NULL, NULL),
(2658, 123, 'F', 8, 'available', NULL, NULL, NULL),
(2659, 123, 'F', 9, 'available', NULL, NULL, NULL),
(2660, 123, 'F', 10, 'available', NULL, NULL, NULL),
(2661, 123, 'G', 1, 'available', NULL, NULL, NULL),
(2662, 123, 'G', 2, 'available', NULL, NULL, NULL),
(2663, 123, 'G', 3, 'available', NULL, NULL, NULL),
(2664, 123, 'G', 4, 'available', NULL, NULL, NULL),
(2665, 123, 'G', 5, 'available', NULL, NULL, NULL),
(2666, 123, 'G', 6, 'available', NULL, NULL, NULL),
(2667, 123, 'G', 7, 'available', NULL, NULL, NULL),
(2668, 123, 'G', 8, 'available', NULL, NULL, NULL),
(2669, 123, 'G', 9, 'available', NULL, NULL, NULL),
(2670, 123, 'G', 10, 'available', NULL, NULL, NULL),
(2671, 123, 'H', 1, 'available', NULL, NULL, NULL),
(2672, 123, 'H', 2, 'available', NULL, NULL, NULL),
(2673, 123, 'H', 3, 'available', NULL, NULL, NULL),
(2674, 123, 'H', 4, 'available', NULL, NULL, NULL),
(2675, 123, 'H', 5, 'available', NULL, NULL, NULL),
(2676, 123, 'H', 6, 'available', NULL, NULL, NULL),
(2677, 123, 'H', 7, 'available', NULL, NULL, NULL),
(2678, 123, 'H', 8, 'available', NULL, NULL, NULL),
(2679, 123, 'H', 9, 'available', NULL, NULL, NULL),
(2680, 123, 'H', 10, 'available', NULL, NULL, NULL),
(2681, 124, 'A', 1, 'available', NULL, NULL, NULL),
(2682, 124, 'A', 2, 'available', NULL, NULL, NULL),
(2683, 124, 'A', 3, 'available', NULL, NULL, NULL),
(2684, 124, 'A', 4, 'available', NULL, NULL, NULL),
(2685, 124, 'A', 5, 'available', NULL, NULL, NULL),
(2686, 124, 'A', 6, 'available', NULL, NULL, NULL),
(2687, 124, 'A', 7, 'available', NULL, NULL, NULL),
(2688, 124, 'A', 8, 'available', NULL, NULL, NULL),
(2689, 124, 'A', 9, 'available', NULL, NULL, NULL),
(2690, 124, 'A', 10, 'available', NULL, NULL, NULL),
(2691, 124, 'B', 1, 'available', NULL, NULL, NULL),
(2692, 124, 'B', 2, 'available', NULL, NULL, NULL),
(2693, 124, 'B', 3, 'available', NULL, NULL, NULL),
(2694, 124, 'B', 4, 'available', NULL, NULL, NULL),
(2695, 124, 'B', 5, 'available', NULL, NULL, NULL),
(2696, 124, 'B', 6, 'available', NULL, NULL, NULL),
(2697, 124, 'B', 7, 'available', NULL, NULL, NULL),
(2698, 124, 'B', 8, 'available', NULL, NULL, NULL),
(2699, 124, 'B', 9, 'available', NULL, NULL, NULL),
(2700, 124, 'B', 10, 'available', NULL, NULL, NULL),
(2701, 124, 'C', 1, 'available', NULL, NULL, NULL),
(2702, 124, 'C', 2, 'available', NULL, NULL, NULL),
(2703, 124, 'C', 3, 'available', NULL, NULL, NULL),
(2704, 124, 'C', 4, 'available', NULL, NULL, NULL),
(2705, 124, 'C', 5, 'available', NULL, NULL, NULL),
(2706, 124, 'C', 6, 'available', NULL, NULL, NULL),
(2707, 124, 'C', 7, 'available', NULL, NULL, NULL),
(2708, 124, 'C', 8, 'available', NULL, NULL, NULL),
(2709, 124, 'C', 9, 'available', NULL, NULL, NULL),
(2710, 124, 'C', 10, 'available', NULL, NULL, NULL),
(2711, 124, 'D', 1, 'available', NULL, NULL, NULL),
(2712, 124, 'D', 2, 'available', NULL, NULL, NULL),
(2713, 124, 'D', 3, 'available', NULL, NULL, NULL),
(2714, 124, 'D', 4, 'available', NULL, NULL, NULL),
(2715, 124, 'D', 5, 'available', NULL, NULL, NULL),
(2716, 124, 'D', 6, 'available', NULL, NULL, NULL),
(2717, 124, 'D', 7, 'available', NULL, NULL, NULL),
(2718, 124, 'D', 8, 'available', NULL, NULL, NULL),
(2719, 124, 'D', 9, 'available', NULL, NULL, NULL),
(2720, 124, 'D', 10, 'available', NULL, NULL, NULL),
(2721, 124, 'E', 1, 'available', NULL, NULL, NULL),
(2722, 124, 'E', 2, 'available', NULL, NULL, NULL),
(2723, 124, 'E', 3, 'available', NULL, NULL, NULL),
(2724, 124, 'E', 4, 'available', NULL, NULL, NULL),
(2725, 124, 'E', 5, 'available', NULL, NULL, NULL),
(2726, 124, 'E', 6, 'available', NULL, NULL, NULL),
(2727, 124, 'E', 7, 'available', NULL, NULL, NULL),
(2728, 124, 'E', 8, 'available', NULL, NULL, NULL),
(2729, 124, 'E', 9, 'available', NULL, NULL, NULL),
(2730, 124, 'E', 10, 'available', NULL, NULL, NULL),
(2731, 124, 'F', 1, 'available', NULL, NULL, NULL),
(2732, 124, 'F', 2, 'available', NULL, NULL, NULL),
(2733, 124, 'F', 3, 'available', NULL, NULL, NULL),
(2734, 124, 'F', 4, 'available', NULL, NULL, NULL),
(2735, 124, 'F', 5, 'available', NULL, NULL, NULL),
(2736, 124, 'F', 6, 'available', NULL, NULL, NULL),
(2737, 124, 'F', 7, 'available', NULL, NULL, NULL),
(2738, 124, 'F', 8, 'available', NULL, NULL, NULL),
(2739, 124, 'F', 9, 'available', NULL, NULL, NULL),
(2740, 124, 'F', 10, 'available', NULL, NULL, NULL),
(2741, 124, 'G', 1, 'available', NULL, NULL, NULL),
(2742, 124, 'G', 2, 'available', NULL, NULL, NULL),
(2743, 124, 'G', 3, 'available', NULL, NULL, NULL),
(2744, 124, 'G', 4, 'available', NULL, NULL, NULL),
(2745, 124, 'G', 5, 'available', NULL, NULL, NULL),
(2746, 124, 'G', 6, 'available', NULL, NULL, NULL),
(2747, 124, 'G', 7, 'available', NULL, NULL, NULL),
(2748, 124, 'G', 8, 'available', NULL, NULL, NULL),
(2749, 124, 'G', 9, 'available', NULL, NULL, NULL),
(2750, 124, 'G', 10, 'available', NULL, NULL, NULL),
(2751, 124, 'H', 1, 'available', NULL, NULL, NULL),
(2752, 124, 'H', 2, 'available', NULL, NULL, NULL),
(2753, 124, 'H', 3, 'available', NULL, NULL, NULL),
(2754, 124, 'H', 4, 'available', NULL, NULL, NULL),
(2755, 124, 'H', 5, 'available', NULL, NULL, NULL),
(2756, 124, 'H', 6, 'available', NULL, NULL, NULL),
(2757, 124, 'H', 7, 'available', NULL, NULL, NULL),
(2758, 124, 'H', 8, 'available', NULL, NULL, NULL),
(2759, 124, 'H', 9, 'available', NULL, NULL, NULL),
(2760, 124, 'H', 10, 'available', NULL, NULL, NULL),
(2761, 125, 'A', 1, 'available', NULL, NULL, NULL),
(2762, 125, 'A', 2, 'available', NULL, NULL, NULL),
(2763, 125, 'A', 3, 'available', NULL, NULL, NULL),
(2764, 125, 'A', 4, 'available', NULL, NULL, NULL),
(2765, 125, 'A', 5, 'available', NULL, NULL, NULL),
(2766, 125, 'A', 6, 'available', NULL, NULL, NULL),
(2767, 125, 'A', 7, 'available', NULL, NULL, NULL),
(2768, 125, 'A', 8, 'available', NULL, NULL, NULL),
(2769, 125, 'A', 9, 'available', NULL, NULL, NULL),
(2770, 125, 'A', 10, 'available', NULL, NULL, NULL),
(2771, 125, 'A', 11, 'available', NULL, NULL, NULL),
(2772, 125, 'A', 12, 'available', NULL, NULL, NULL),
(2773, 125, 'B', 1, 'available', NULL, NULL, NULL),
(2774, 125, 'B', 2, 'available', NULL, NULL, NULL),
(2775, 125, 'B', 3, 'available', NULL, NULL, NULL),
(2776, 125, 'B', 4, 'available', NULL, NULL, NULL),
(2777, 125, 'B', 5, 'available', NULL, NULL, NULL),
(2778, 125, 'B', 6, 'available', NULL, NULL, NULL),
(2779, 125, 'B', 7, 'available', NULL, NULL, NULL),
(2780, 125, 'B', 8, 'available', NULL, NULL, NULL),
(2781, 125, 'B', 9, 'available', NULL, NULL, NULL),
(2782, 125, 'B', 10, 'available', NULL, NULL, NULL),
(2783, 125, 'B', 11, 'available', NULL, NULL, NULL),
(2784, 125, 'B', 12, 'available', NULL, NULL, NULL),
(2785, 125, 'C', 1, 'available', NULL, NULL, NULL),
(2786, 125, 'C', 2, 'available', NULL, NULL, NULL),
(2787, 125, 'C', 3, 'available', NULL, NULL, NULL),
(2788, 125, 'C', 4, 'available', NULL, NULL, NULL),
(2789, 125, 'C', 5, 'available', NULL, NULL, NULL),
(2790, 125, 'C', 6, 'available', NULL, NULL, NULL),
(2791, 125, 'C', 7, 'available', NULL, NULL, NULL),
(2792, 125, 'C', 8, 'available', NULL, NULL, NULL),
(2793, 125, 'C', 9, 'available', NULL, NULL, NULL),
(2794, 125, 'C', 10, 'available', NULL, NULL, NULL),
(2795, 125, 'C', 11, 'available', NULL, NULL, NULL),
(2796, 125, 'C', 12, 'available', NULL, NULL, NULL),
(2797, 125, 'D', 1, 'available', NULL, NULL, NULL),
(2798, 125, 'D', 2, 'available', NULL, NULL, NULL),
(2799, 125, 'D', 3, 'available', NULL, NULL, NULL),
(2800, 125, 'D', 4, 'available', NULL, NULL, NULL),
(2801, 125, 'D', 5, 'available', NULL, NULL, NULL),
(2802, 125, 'D', 6, 'available', NULL, NULL, NULL),
(2803, 125, 'D', 7, 'available', NULL, NULL, NULL),
(2804, 125, 'D', 8, 'available', NULL, NULL, NULL),
(2805, 125, 'D', 9, 'available', NULL, NULL, NULL),
(2806, 125, 'D', 10, 'available', NULL, NULL, NULL),
(2807, 125, 'D', 11, 'available', NULL, NULL, NULL),
(2808, 125, 'D', 12, 'available', NULL, NULL, NULL),
(2809, 125, 'E', 1, 'available', NULL, NULL, NULL),
(2810, 125, 'E', 2, 'available', NULL, NULL, NULL),
(2811, 125, 'E', 3, 'available', NULL, NULL, NULL),
(2812, 125, 'E', 4, 'available', NULL, NULL, NULL),
(2813, 125, 'E', 5, 'available', NULL, NULL, NULL),
(2814, 125, 'E', 6, 'available', NULL, NULL, NULL),
(2815, 125, 'E', 7, 'available', NULL, NULL, NULL),
(2816, 125, 'E', 8, 'available', NULL, NULL, NULL),
(2817, 125, 'E', 9, 'available', NULL, NULL, NULL),
(2818, 125, 'E', 10, 'available', NULL, NULL, NULL),
(2819, 125, 'E', 11, 'available', NULL, NULL, NULL),
(2820, 125, 'E', 12, 'available', NULL, NULL, NULL),
(2821, 125, 'F', 1, 'available', NULL, NULL, NULL),
(2822, 125, 'F', 2, 'available', NULL, NULL, NULL),
(2823, 125, 'F', 3, 'available', NULL, NULL, NULL),
(2824, 125, 'F', 4, 'available', NULL, NULL, NULL),
(2825, 125, 'F', 5, 'available', NULL, NULL, NULL),
(2826, 125, 'F', 6, 'available', NULL, NULL, NULL),
(2827, 125, 'F', 7, 'available', NULL, NULL, NULL),
(2828, 125, 'F', 8, 'available', NULL, NULL, NULL),
(2829, 125, 'F', 9, 'available', NULL, NULL, NULL),
(2830, 125, 'F', 10, 'available', NULL, NULL, NULL),
(2831, 125, 'F', 11, 'available', NULL, NULL, NULL),
(2832, 125, 'F', 12, 'available', NULL, NULL, NULL),
(2833, 125, 'G', 1, 'available', NULL, NULL, NULL),
(2834, 125, 'G', 2, 'available', NULL, NULL, NULL),
(2835, 125, 'G', 3, 'available', NULL, NULL, NULL),
(2836, 125, 'G', 4, 'available', NULL, NULL, NULL),
(2837, 125, 'G', 5, 'available', NULL, NULL, NULL),
(2838, 125, 'G', 6, 'available', NULL, NULL, NULL),
(2839, 125, 'G', 7, 'available', NULL, NULL, NULL),
(2840, 125, 'G', 8, 'available', NULL, NULL, NULL),
(2841, 125, 'G', 9, 'available', NULL, NULL, NULL),
(2842, 125, 'G', 10, 'available', NULL, NULL, NULL),
(2843, 125, 'G', 11, 'available', NULL, NULL, NULL),
(2844, 125, 'G', 12, 'available', NULL, NULL, NULL),
(2845, 125, 'H', 1, 'available', NULL, NULL, NULL),
(2846, 125, 'H', 2, 'available', NULL, NULL, NULL),
(2847, 125, 'H', 3, 'available', NULL, NULL, NULL),
(2848, 125, 'H', 4, 'available', NULL, NULL, NULL),
(2849, 125, 'H', 5, 'available', NULL, NULL, NULL),
(2850, 125, 'H', 6, 'available', NULL, NULL, NULL),
(2851, 125, 'H', 7, 'available', NULL, NULL, NULL),
(2852, 125, 'H', 8, 'available', NULL, NULL, NULL),
(2853, 125, 'H', 9, 'available', NULL, NULL, NULL),
(2854, 125, 'H', 10, 'available', NULL, NULL, NULL),
(2855, 125, 'H', 11, 'available', NULL, NULL, NULL),
(2856, 125, 'H', 12, 'available', NULL, NULL, NULL),
(2857, 125, 'I', 1, 'available', NULL, NULL, NULL),
(2858, 125, 'I', 2, 'available', NULL, NULL, NULL),
(2859, 125, 'I', 3, 'available', NULL, NULL, NULL),
(2860, 125, 'I', 4, 'available', NULL, NULL, NULL),
(2861, 125, 'I', 5, 'available', NULL, NULL, NULL),
(2862, 125, 'I', 6, 'available', NULL, NULL, NULL),
(2863, 125, 'I', 7, 'available', NULL, NULL, NULL),
(2864, 125, 'I', 8, 'available', NULL, NULL, NULL),
(2865, 125, 'I', 9, 'available', NULL, NULL, NULL),
(2866, 125, 'I', 10, 'available', NULL, NULL, NULL),
(2867, 125, 'I', 11, 'available', NULL, NULL, NULL),
(2868, 125, 'I', 12, 'available', NULL, NULL, NULL),
(2869, 125, 'J', 1, 'available', NULL, NULL, NULL),
(2870, 125, 'J', 2, 'available', NULL, NULL, NULL),
(2871, 125, 'J', 3, 'available', NULL, NULL, NULL),
(2872, 125, 'J', 4, 'available', NULL, NULL, NULL),
(2873, 125, 'J', 5, 'available', NULL, NULL, NULL),
(2874, 125, 'J', 6, 'available', NULL, NULL, NULL),
(2875, 125, 'J', 7, 'available', NULL, NULL, NULL),
(2876, 125, 'J', 8, 'available', NULL, NULL, NULL),
(2877, 125, 'J', 9, 'available', NULL, NULL, NULL),
(2878, 125, 'J', 10, 'available', NULL, NULL, NULL),
(2879, 125, 'J', 11, 'available', NULL, NULL, NULL),
(2880, 125, 'J', 12, 'available', NULL, NULL, NULL),
(3781, 129, 'A', 1, 'available', NULL, NULL, NULL),
(3782, 129, 'A', 2, 'available', NULL, NULL, NULL),
(3783, 129, 'A', 3, 'available', NULL, NULL, NULL),
(3784, 129, 'A', 4, 'available', NULL, NULL, NULL),
(3785, 129, 'A', 5, 'available', NULL, NULL, NULL),
(3786, 129, 'A', 6, 'available', NULL, NULL, NULL),
(3787, 129, 'A', 7, 'available', NULL, NULL, NULL),
(3788, 129, 'A', 8, 'available', NULL, NULL, NULL),
(3789, 129, 'A', 9, 'available', NULL, NULL, NULL),
(3790, 129, 'A', 10, 'available', NULL, NULL, NULL),
(3791, 129, 'B', 1, 'available', NULL, NULL, NULL),
(3792, 129, 'B', 2, 'available', NULL, NULL, NULL),
(3793, 129, 'B', 3, 'available', NULL, NULL, NULL),
(3794, 129, 'B', 4, 'available', NULL, NULL, NULL),
(3795, 129, 'B', 5, 'available', NULL, NULL, NULL),
(3796, 129, 'B', 6, 'available', NULL, NULL, NULL),
(3797, 129, 'B', 7, 'available', NULL, NULL, NULL),
(3798, 129, 'B', 8, 'available', NULL, NULL, NULL),
(3799, 129, 'B', 9, 'available', NULL, NULL, NULL),
(3800, 129, 'B', 10, 'available', NULL, NULL, NULL),
(3801, 129, 'C', 1, 'available', NULL, NULL, NULL),
(3802, 129, 'C', 2, 'available', NULL, NULL, NULL),
(3803, 129, 'C', 3, 'available', NULL, NULL, NULL),
(3804, 129, 'C', 4, 'available', NULL, NULL, NULL),
(3805, 129, 'C', 5, 'available', NULL, NULL, NULL),
(3806, 129, 'C', 6, 'available', NULL, NULL, NULL),
(3807, 129, 'C', 7, 'available', NULL, NULL, NULL),
(3808, 129, 'C', 8, 'available', NULL, NULL, NULL),
(3809, 129, 'C', 9, 'available', NULL, NULL, NULL),
(3810, 129, 'C', 10, 'available', NULL, NULL, NULL),
(3811, 129, 'D', 1, 'available', NULL, NULL, NULL),
(3812, 129, 'D', 2, 'available', NULL, NULL, NULL),
(3813, 129, 'D', 3, 'available', NULL, NULL, NULL),
(3814, 129, 'D', 4, 'available', NULL, NULL, NULL),
(3815, 129, 'D', 5, 'available', NULL, NULL, NULL),
(3816, 129, 'D', 6, 'available', NULL, NULL, NULL),
(3817, 129, 'D', 7, 'available', NULL, NULL, NULL),
(3818, 129, 'D', 8, 'available', NULL, NULL, NULL),
(3819, 129, 'D', 9, 'available', NULL, NULL, NULL),
(3820, 129, 'D', 10, 'available', NULL, NULL, NULL),
(3821, 129, 'E', 1, 'available', NULL, NULL, NULL),
(3822, 129, 'E', 2, 'available', NULL, NULL, NULL),
(3823, 129, 'E', 3, 'available', NULL, NULL, NULL),
(3824, 129, 'E', 4, 'available', NULL, NULL, NULL),
(3825, 129, 'E', 5, 'available', NULL, NULL, NULL),
(3826, 129, 'E', 6, 'available', NULL, NULL, NULL),
(3827, 129, 'E', 7, 'available', NULL, NULL, NULL),
(3828, 129, 'E', 8, 'available', NULL, NULL, NULL),
(3829, 129, 'E', 9, 'available', NULL, NULL, NULL),
(3830, 129, 'E', 10, 'available', NULL, NULL, NULL),
(3831, 129, 'F', 1, 'available', NULL, NULL, NULL),
(3832, 129, 'F', 2, 'available', NULL, NULL, NULL),
(3833, 129, 'F', 3, 'available', NULL, NULL, NULL),
(3834, 129, 'F', 4, 'available', NULL, NULL, NULL),
(3835, 129, 'F', 5, 'available', NULL, NULL, NULL),
(3836, 129, 'F', 6, 'available', NULL, NULL, NULL),
(3837, 129, 'F', 7, 'available', NULL, NULL, NULL),
(3838, 129, 'F', 8, 'available', NULL, NULL, NULL),
(3839, 129, 'F', 9, 'available', NULL, NULL, NULL),
(3840, 129, 'F', 10, 'available', NULL, NULL, NULL),
(3841, 129, 'G', 1, 'available', NULL, NULL, NULL),
(3842, 129, 'G', 2, 'available', NULL, NULL, NULL),
(3843, 129, 'G', 3, 'available', NULL, NULL, NULL),
(3844, 129, 'G', 4, 'available', NULL, NULL, NULL),
(3845, 129, 'G', 5, 'available', NULL, NULL, NULL),
(3846, 129, 'G', 6, 'available', NULL, NULL, NULL),
(3847, 129, 'G', 7, 'available', NULL, NULL, NULL),
(3848, 129, 'G', 8, 'available', NULL, NULL, NULL),
(3849, 129, 'G', 9, 'available', NULL, NULL, NULL),
(3850, 129, 'G', 10, 'available', NULL, NULL, NULL),
(3851, 129, 'H', 1, 'available', NULL, NULL, NULL),
(3852, 129, 'H', 2, 'available', NULL, NULL, NULL),
(3853, 129, 'H', 3, 'available', NULL, NULL, NULL),
(3854, 129, 'H', 4, 'available', NULL, NULL, NULL),
(3855, 129, 'H', 5, 'available', NULL, NULL, NULL),
(3856, 129, 'H', 6, 'available', NULL, NULL, NULL),
(3857, 129, 'H', 7, 'available', NULL, NULL, NULL),
(3858, 129, 'H', 8, 'available', NULL, NULL, NULL),
(3859, 129, 'H', 9, 'available', NULL, NULL, NULL),
(3860, 129, 'H', 10, 'available', NULL, NULL, NULL),
(3861, 130, 'A', 1, 'available', NULL, NULL, NULL),
(3862, 130, 'A', 2, 'available', NULL, NULL, NULL),
(3863, 130, 'A', 3, 'available', NULL, NULL, NULL),
(3864, 130, 'A', 4, 'available', NULL, NULL, NULL),
(3865, 130, 'A', 5, 'available', NULL, NULL, NULL),
(3866, 130, 'A', 6, 'available', NULL, NULL, NULL),
(3867, 130, 'A', 7, 'available', NULL, NULL, NULL),
(3868, 130, 'A', 8, 'available', NULL, NULL, NULL),
(3869, 130, 'A', 9, 'available', NULL, NULL, NULL),
(3870, 130, 'A', 10, 'available', NULL, NULL, NULL),
(3871, 130, 'B', 1, 'available', NULL, NULL, NULL),
(3872, 130, 'B', 2, 'available', NULL, NULL, NULL),
(3873, 130, 'B', 3, 'available', NULL, NULL, NULL),
(3874, 130, 'B', 4, 'available', NULL, NULL, NULL),
(3875, 130, 'B', 5, 'available', NULL, NULL, NULL),
(3876, 130, 'B', 6, 'available', NULL, NULL, NULL),
(3877, 130, 'B', 7, 'available', NULL, NULL, NULL),
(3878, 130, 'B', 8, 'available', NULL, NULL, NULL),
(3879, 130, 'B', 9, 'available', NULL, NULL, NULL),
(3880, 130, 'B', 10, 'available', NULL, NULL, NULL),
(3881, 130, 'C', 1, 'available', NULL, NULL, NULL),
(3882, 130, 'C', 2, 'available', NULL, NULL, NULL),
(3883, 130, 'C', 3, 'available', NULL, NULL, NULL),
(3884, 130, 'C', 4, 'available', NULL, NULL, NULL),
(3885, 130, 'C', 5, 'available', NULL, NULL, NULL),
(3886, 130, 'C', 6, 'available', NULL, NULL, NULL),
(3887, 130, 'C', 7, 'available', NULL, NULL, NULL),
(3888, 130, 'C', 8, 'available', NULL, NULL, NULL),
(3889, 130, 'C', 9, 'available', NULL, NULL, NULL),
(3890, 130, 'C', 10, 'available', NULL, NULL, NULL),
(3891, 130, 'D', 1, 'available', NULL, NULL, NULL),
(3892, 130, 'D', 2, 'available', NULL, NULL, NULL),
(3893, 130, 'D', 3, 'available', NULL, NULL, NULL),
(3894, 130, 'D', 4, 'available', NULL, NULL, NULL),
(3895, 130, 'D', 5, 'available', NULL, NULL, NULL),
(3896, 130, 'D', 6, 'available', NULL, NULL, NULL),
(3897, 130, 'D', 7, 'available', NULL, NULL, NULL),
(3898, 130, 'D', 8, 'available', NULL, NULL, NULL),
(3899, 130, 'D', 9, 'available', NULL, NULL, NULL),
(3900, 130, 'D', 10, 'available', NULL, NULL, NULL),
(3901, 130, 'E', 1, 'available', NULL, NULL, NULL),
(3902, 130, 'E', 2, 'available', NULL, NULL, NULL),
(3903, 130, 'E', 3, 'available', NULL, NULL, NULL),
(3904, 130, 'E', 4, 'available', NULL, NULL, NULL),
(3905, 130, 'E', 5, 'available', NULL, NULL, NULL),
(3906, 130, 'E', 6, 'available', NULL, NULL, NULL),
(3907, 130, 'E', 7, 'available', NULL, NULL, NULL),
(3908, 130, 'E', 8, 'available', NULL, NULL, NULL),
(3909, 130, 'E', 9, 'available', NULL, NULL, NULL),
(3910, 130, 'E', 10, 'available', NULL, NULL, NULL),
(3911, 130, 'F', 1, 'available', NULL, NULL, NULL),
(3912, 130, 'F', 2, 'available', NULL, NULL, NULL),
(3913, 130, 'F', 3, 'available', NULL, NULL, NULL),
(3914, 130, 'F', 4, 'available', NULL, NULL, NULL),
(3915, 130, 'F', 5, 'available', NULL, NULL, NULL),
(3916, 130, 'F', 6, 'available', NULL, NULL, NULL),
(3917, 130, 'F', 7, 'available', NULL, NULL, NULL),
(3918, 130, 'F', 8, 'available', NULL, NULL, NULL),
(3919, 130, 'F', 9, 'available', NULL, NULL, NULL),
(3920, 130, 'F', 10, 'available', NULL, NULL, NULL),
(3921, 130, 'G', 1, 'available', NULL, NULL, NULL),
(3922, 130, 'G', 2, 'available', NULL, NULL, NULL),
(3923, 130, 'G', 3, 'available', NULL, NULL, NULL),
(3924, 130, 'G', 4, 'available', NULL, NULL, NULL),
(3925, 130, 'G', 5, 'available', NULL, NULL, NULL),
(3926, 130, 'G', 6, 'available', NULL, NULL, NULL),
(3927, 130, 'G', 7, 'available', NULL, NULL, NULL),
(3928, 130, 'G', 8, 'available', NULL, NULL, NULL),
(3929, 130, 'G', 9, 'available', NULL, NULL, NULL),
(3930, 130, 'G', 10, 'available', NULL, NULL, NULL),
(3931, 130, 'H', 1, 'available', NULL, NULL, NULL),
(3932, 130, 'H', 2, 'available', NULL, NULL, NULL),
(3933, 130, 'H', 3, 'available', NULL, NULL, NULL),
(3934, 130, 'H', 4, 'available', NULL, NULL, NULL),
(3935, 130, 'H', 5, 'available', NULL, NULL, NULL),
(3936, 130, 'H', 6, 'available', NULL, NULL, NULL),
(3937, 130, 'H', 7, 'available', NULL, NULL, NULL),
(3938, 130, 'H', 8, 'available', NULL, NULL, NULL),
(3939, 130, 'H', 9, 'available', NULL, NULL, NULL),
(3940, 130, 'H', 10, 'available', NULL, NULL, NULL),
(4021, 133, 'A', 1, 'held', 8, NULL, '2026-04-20 14:55:22'),
(4022, 133, 'A', 2, 'held', 9, NULL, '2026-04-20 15:02:43'),
(4023, 133, 'A', 3, 'held', 10, NULL, '2026-04-20 15:06:00'),
(4024, 133, 'A', 4, 'held', 14, NULL, '2026-04-20 15:11:43'),
(4025, 133, 'A', 5, 'held', 15, NULL, '2026-04-20 15:12:07'),
(4026, 133, 'A', 6, 'held', 16, NULL, '2026-04-20 15:14:33'),
(4027, 133, 'A', 7, 'held', 17, NULL, '2026-04-20 15:16:58'),
(4028, 133, 'A', 8, 'held', 18, NULL, '2026-04-20 15:19:18'),
(4029, 133, 'A', 9, 'held', 19, NULL, '2026-04-20 15:22:18'),
(4030, 133, 'A', 10, 'held', 20, NULL, '2026-04-20 15:25:33'),
(4031, 133, 'B', 1, 'held', 21, NULL, '2026-04-20 15:26:07'),
(4032, 133, 'B', 2, 'held', 22, NULL, '2026-04-20 15:35:18'),
(4033, 133, 'B', 3, 'held', 23, NULL, '2026-04-20 15:35:23'),
(4034, 133, 'B', 4, 'held', 24, NULL, '2026-04-20 15:38:52'),
(4035, 133, 'B', 5, 'held', 24, NULL, '2026-04-20 15:38:52'),
(4036, 133, 'B', 6, 'held', 25, NULL, '2026-04-20 15:39:30'),
(4037, 133, 'B', 7, 'held', 25, NULL, '2026-04-20 15:39:30'),
(4038, 133, 'B', 8, 'held', 26, NULL, '2026-04-20 15:40:46'),
(4039, 133, 'B', 9, 'available', NULL, NULL, NULL),
(4040, 133, 'B', 10, 'available', NULL, NULL, NULL),
(4041, 133, 'C', 1, 'available', NULL, NULL, NULL),
(4042, 133, 'C', 2, 'available', NULL, NULL, NULL),
(4043, 133, 'C', 3, 'available', NULL, NULL, NULL),
(4044, 133, 'C', 4, 'available', NULL, NULL, NULL),
(4045, 133, 'C', 5, 'available', NULL, NULL, NULL),
(4046, 133, 'C', 6, 'available', NULL, NULL, NULL),
(4047, 133, 'C', 7, 'available', NULL, NULL, NULL),
(4048, 133, 'C', 8, 'available', NULL, NULL, NULL),
(4049, 133, 'C', 9, 'available', NULL, NULL, NULL),
(4050, 133, 'C', 10, 'available', NULL, NULL, NULL),
(4051, 133, 'D', 1, 'available', NULL, NULL, NULL),
(4052, 133, 'D', 2, 'available', NULL, NULL, NULL),
(4053, 133, 'D', 3, 'available', NULL, NULL, NULL),
(4054, 133, 'D', 4, 'available', NULL, NULL, NULL),
(4055, 133, 'D', 5, 'available', NULL, NULL, NULL),
(4056, 133, 'D', 6, 'available', NULL, NULL, NULL),
(4057, 133, 'D', 7, 'available', NULL, NULL, NULL),
(4058, 133, 'D', 8, 'available', NULL, NULL, NULL),
(4059, 133, 'D', 9, 'available', NULL, NULL, NULL),
(4060, 133, 'D', 10, 'available', NULL, NULL, NULL),
(4061, 133, 'E', 1, 'available', NULL, NULL, NULL),
(4062, 133, 'E', 2, 'available', NULL, NULL, NULL),
(4063, 133, 'E', 3, 'available', NULL, NULL, NULL),
(4064, 133, 'E', 4, 'available', NULL, NULL, NULL),
(4065, 133, 'E', 5, 'available', NULL, NULL, NULL),
(4066, 133, 'E', 6, 'available', NULL, NULL, NULL),
(4067, 133, 'E', 7, 'available', NULL, NULL, NULL),
(4068, 133, 'E', 8, 'available', NULL, NULL, NULL),
(4069, 133, 'E', 9, 'available', NULL, NULL, NULL),
(4070, 133, 'E', 10, 'available', NULL, NULL, NULL),
(4071, 133, 'F', 1, 'available', NULL, NULL, NULL),
(4072, 133, 'F', 2, 'available', NULL, NULL, NULL),
(4073, 133, 'F', 3, 'available', NULL, NULL, NULL),
(4074, 133, 'F', 4, 'available', NULL, NULL, NULL),
(4075, 133, 'F', 5, 'available', NULL, NULL, NULL),
(4076, 133, 'F', 6, 'available', NULL, NULL, NULL),
(4077, 133, 'F', 7, 'available', NULL, NULL, NULL),
(4078, 133, 'F', 8, 'available', NULL, NULL, NULL),
(4079, 133, 'F', 9, 'available', NULL, NULL, NULL),
(4080, 133, 'F', 10, 'available', NULL, NULL, NULL),
(4081, 133, 'G', 1, 'available', NULL, NULL, NULL),
(4082, 133, 'G', 2, 'available', NULL, NULL, NULL),
(4083, 133, 'G', 3, 'available', NULL, NULL, NULL),
(4084, 133, 'G', 4, 'available', NULL, NULL, NULL),
(4085, 133, 'G', 5, 'available', NULL, NULL, NULL),
(4086, 133, 'G', 6, 'available', NULL, NULL, NULL),
(4087, 133, 'G', 7, 'available', NULL, NULL, NULL),
(4088, 133, 'G', 8, 'available', NULL, NULL, NULL),
(4089, 133, 'G', 9, 'available', NULL, NULL, NULL),
(4090, 133, 'G', 10, 'available', NULL, NULL, NULL),
(4091, 133, 'H', 1, 'available', NULL, NULL, NULL),
(4092, 133, 'H', 2, 'available', NULL, NULL, NULL),
(4093, 133, 'H', 3, 'available', NULL, NULL, NULL),
(4094, 133, 'H', 4, 'available', NULL, NULL, NULL),
(4095, 133, 'H', 5, 'available', NULL, NULL, NULL),
(4096, 133, 'H', 6, 'available', NULL, NULL, NULL),
(4097, 133, 'H', 7, 'available', NULL, NULL, NULL),
(4098, 133, 'H', 8, 'available', NULL, NULL, NULL),
(4099, 133, 'H', 9, 'available', NULL, NULL, NULL),
(4100, 133, 'H', 10, 'available', NULL, NULL, NULL),
(4101, 134, 'A', 1, 'available', NULL, NULL, NULL),
(4102, 134, 'A', 2, 'available', NULL, NULL, NULL),
(4103, 134, 'A', 3, 'available', NULL, NULL, NULL),
(4104, 134, 'A', 4, 'available', NULL, NULL, NULL),
(4105, 134, 'A', 5, 'available', NULL, NULL, NULL),
(4106, 134, 'A', 6, 'available', NULL, NULL, NULL),
(4107, 134, 'A', 7, 'available', NULL, NULL, NULL),
(4108, 134, 'A', 8, 'available', NULL, NULL, NULL),
(4109, 134, 'A', 9, 'available', NULL, NULL, NULL),
(4110, 134, 'A', 10, 'available', NULL, NULL, NULL),
(4111, 134, 'B', 1, 'available', NULL, NULL, NULL),
(4112, 134, 'B', 2, 'available', NULL, NULL, NULL),
(4113, 134, 'B', 3, 'available', NULL, NULL, NULL),
(4114, 134, 'B', 4, 'available', NULL, NULL, NULL),
(4115, 134, 'B', 5, 'available', NULL, NULL, NULL),
(4116, 134, 'B', 6, 'available', NULL, NULL, NULL),
(4117, 134, 'B', 7, 'available', NULL, NULL, NULL),
(4118, 134, 'B', 8, 'available', NULL, NULL, NULL),
(4119, 134, 'B', 9, 'available', NULL, NULL, NULL),
(4120, 134, 'B', 10, 'available', NULL, NULL, NULL),
(4121, 134, 'C', 1, 'available', NULL, NULL, NULL),
(4122, 134, 'C', 2, 'available', NULL, NULL, NULL),
(4123, 134, 'C', 3, 'available', NULL, NULL, NULL),
(4124, 134, 'C', 4, 'available', NULL, NULL, NULL),
(4125, 134, 'C', 5, 'available', NULL, NULL, NULL),
(4126, 134, 'C', 6, 'available', NULL, NULL, NULL),
(4127, 134, 'C', 7, 'available', NULL, NULL, NULL),
(4128, 134, 'C', 8, 'available', NULL, NULL, NULL),
(4129, 134, 'C', 9, 'available', NULL, NULL, NULL),
(4130, 134, 'C', 10, 'available', NULL, NULL, NULL),
(4131, 134, 'D', 1, 'available', NULL, NULL, NULL),
(4132, 134, 'D', 2, 'available', NULL, NULL, NULL),
(4133, 134, 'D', 3, 'available', NULL, NULL, NULL),
(4134, 134, 'D', 4, 'available', NULL, NULL, NULL),
(4135, 134, 'D', 5, 'available', NULL, NULL, NULL),
(4136, 134, 'D', 6, 'available', NULL, NULL, NULL),
(4137, 134, 'D', 7, 'available', NULL, NULL, NULL),
(4138, 134, 'D', 8, 'available', NULL, NULL, NULL),
(4139, 134, 'D', 9, 'available', NULL, NULL, NULL),
(4140, 134, 'D', 10, 'available', NULL, NULL, NULL),
(4141, 134, 'E', 1, 'available', NULL, NULL, NULL),
(4142, 134, 'E', 2, 'available', NULL, NULL, NULL),
(4143, 134, 'E', 3, 'available', NULL, NULL, NULL),
(4144, 134, 'E', 4, 'available', NULL, NULL, NULL),
(4145, 134, 'E', 5, 'available', NULL, NULL, NULL),
(4146, 134, 'E', 6, 'available', NULL, NULL, NULL),
(4147, 134, 'E', 7, 'available', NULL, NULL, NULL),
(4148, 134, 'E', 8, 'available', NULL, NULL, NULL),
(4149, 134, 'E', 9, 'available', NULL, NULL, NULL),
(4150, 134, 'E', 10, 'available', NULL, NULL, NULL),
(4151, 134, 'F', 1, 'available', NULL, NULL, NULL),
(4152, 134, 'F', 2, 'available', NULL, NULL, NULL),
(4153, 134, 'F', 3, 'available', NULL, NULL, NULL),
(4154, 134, 'F', 4, 'available', NULL, NULL, NULL),
(4155, 134, 'F', 5, 'available', NULL, NULL, NULL),
(4156, 134, 'F', 6, 'available', NULL, NULL, NULL),
(4157, 134, 'F', 7, 'available', NULL, NULL, NULL),
(4158, 134, 'F', 8, 'available', NULL, NULL, NULL),
(4159, 134, 'F', 9, 'available', NULL, NULL, NULL),
(4160, 134, 'F', 10, 'available', NULL, NULL, NULL),
(4161, 134, 'G', 1, 'available', NULL, NULL, NULL),
(4162, 134, 'G', 2, 'available', NULL, NULL, NULL),
(4163, 134, 'G', 3, 'available', NULL, NULL, NULL),
(4164, 134, 'G', 4, 'available', NULL, NULL, NULL),
(4165, 134, 'G', 5, 'available', NULL, NULL, NULL),
(4166, 134, 'G', 6, 'available', NULL, NULL, NULL),
(4167, 134, 'G', 7, 'available', NULL, NULL, NULL),
(4168, 134, 'G', 8, 'available', NULL, NULL, NULL),
(4169, 134, 'G', 9, 'available', NULL, NULL, NULL),
(4170, 134, 'G', 10, 'available', NULL, NULL, NULL),
(4171, 134, 'H', 1, 'available', NULL, NULL, NULL),
(4172, 134, 'H', 2, 'available', NULL, NULL, NULL),
(4173, 134, 'H', 3, 'available', NULL, NULL, NULL),
(4174, 134, 'H', 4, 'available', NULL, NULL, NULL),
(4175, 134, 'H', 5, 'available', NULL, NULL, NULL),
(4176, 134, 'H', 6, 'available', NULL, NULL, NULL),
(4177, 134, 'H', 7, 'available', NULL, NULL, NULL),
(4178, 134, 'H', 8, 'available', NULL, NULL, NULL),
(4179, 134, 'H', 9, 'available', NULL, NULL, NULL),
(4180, 134, 'H', 10, 'available', NULL, NULL, NULL),
(4181, 135, 'A', 1, 'sold', NULL, 5, NULL),
(4182, 135, 'A', 2, 'sold', NULL, 5, NULL),
(4183, 135, 'A', 3, 'held', 6, NULL, '2026-04-20 14:04:58'),
(4184, 135, 'A', 4, 'available', NULL, NULL, NULL),
(4185, 135, 'A', 5, 'available', NULL, NULL, NULL),
(4186, 135, 'A', 6, 'available', NULL, NULL, NULL),
(4187, 135, 'A', 7, 'available', NULL, NULL, NULL),
(4188, 135, 'A', 8, 'available', NULL, NULL, NULL),
(4189, 135, 'A', 9, 'available', NULL, NULL, NULL),
(4190, 135, 'A', 10, 'available', NULL, NULL, NULL),
(4191, 135, 'A', 11, 'available', NULL, NULL, NULL),
(4192, 135, 'A', 12, 'available', NULL, NULL, NULL),
(4193, 135, 'A', 13, 'available', NULL, NULL, NULL),
(4194, 135, 'A', 14, 'available', NULL, NULL, NULL),
(4195, 135, 'A', 15, 'available', NULL, NULL, NULL),
(4196, 135, 'A', 16, 'available', NULL, NULL, NULL),
(4197, 135, 'A', 17, 'available', NULL, NULL, NULL),
(4198, 135, 'A', 18, 'available', NULL, NULL, NULL),
(4199, 135, 'A', 19, 'available', NULL, NULL, NULL),
(4200, 135, 'A', 20, 'available', NULL, NULL, NULL),
(4201, 135, 'B', 1, 'sold', NULL, 5, NULL),
(4202, 135, 'B', 2, 'sold', NULL, 5, NULL),
(4203, 135, 'B', 3, 'available', NULL, NULL, NULL),
(4204, 135, 'B', 4, 'available', NULL, NULL, NULL),
(4205, 135, 'B', 5, 'available', NULL, NULL, NULL),
(4206, 135, 'B', 6, 'available', NULL, NULL, NULL),
(4207, 135, 'B', 7, 'available', NULL, NULL, NULL),
(4208, 135, 'B', 8, 'available', NULL, NULL, NULL),
(4209, 135, 'B', 9, 'available', NULL, NULL, NULL),
(4210, 135, 'B', 10, 'available', NULL, NULL, NULL),
(4211, 135, 'B', 11, 'available', NULL, NULL, NULL),
(4212, 135, 'B', 12, 'available', NULL, NULL, NULL),
(4213, 135, 'B', 13, 'available', NULL, NULL, NULL),
(4214, 135, 'B', 14, 'available', NULL, NULL, NULL),
(4215, 135, 'B', 15, 'available', NULL, NULL, NULL),
(4216, 135, 'B', 16, 'available', NULL, NULL, NULL),
(4217, 135, 'B', 17, 'available', NULL, NULL, NULL),
(4218, 135, 'B', 18, 'available', NULL, NULL, NULL),
(4219, 135, 'B', 19, 'available', NULL, NULL, NULL),
(4220, 135, 'B', 20, 'available', NULL, NULL, NULL),
(4221, 135, 'C', 1, 'sold', NULL, 27, NULL),
(4222, 135, 'C', 2, 'sold', NULL, 27, NULL),
(4223, 135, 'C', 3, 'sold', NULL, 27, NULL),
(4224, 135, 'C', 4, 'held', 29, NULL, '2026-04-20 19:44:06'),
(4225, 135, 'C', 5, 'sold', NULL, 30, NULL),
(4226, 135, 'C', 6, 'available', NULL, NULL, NULL),
(4227, 135, 'C', 7, 'available', NULL, NULL, NULL),
(4228, 135, 'C', 8, 'available', NULL, NULL, NULL),
(4229, 135, 'C', 9, 'available', NULL, NULL, NULL),
(4230, 135, 'C', 10, 'available', NULL, NULL, NULL),
(4231, 135, 'C', 11, 'available', NULL, NULL, NULL),
(4232, 135, 'C', 12, 'available', NULL, NULL, NULL),
(4233, 135, 'C', 13, 'available', NULL, NULL, NULL),
(4234, 135, 'C', 14, 'available', NULL, NULL, NULL),
(4235, 135, 'C', 15, 'sold', NULL, 31, NULL),
(4236, 135, 'C', 16, 'available', NULL, NULL, NULL),
(4237, 135, 'C', 17, 'available', NULL, NULL, NULL),
(4238, 135, 'C', 18, 'available', NULL, NULL, NULL),
(4239, 135, 'C', 19, 'available', NULL, NULL, NULL),
(4240, 135, 'C', 20, 'available', NULL, NULL, NULL),
(4241, 135, 'D', 1, 'available', NULL, NULL, NULL),
(4242, 135, 'D', 2, 'available', NULL, NULL, NULL),
(4243, 135, 'D', 3, 'available', NULL, NULL, NULL),
(4244, 135, 'D', 4, 'available', NULL, NULL, NULL),
(4245, 135, 'D', 5, 'available', NULL, NULL, NULL),
(4246, 135, 'D', 6, 'available', NULL, NULL, NULL),
(4247, 135, 'D', 7, 'sold', NULL, 28, NULL),
(4248, 135, 'D', 8, 'available', NULL, NULL, NULL),
(4249, 135, 'D', 9, 'available', NULL, NULL, NULL),
(4250, 135, 'D', 10, 'available', NULL, NULL, NULL),
(4251, 135, 'D', 11, 'available', NULL, NULL, NULL),
(4252, 135, 'D', 12, 'available', NULL, NULL, NULL),
(4253, 135, 'D', 13, 'available', NULL, NULL, NULL),
(4254, 135, 'D', 14, 'available', NULL, NULL, NULL),
(4255, 135, 'D', 15, 'available', NULL, NULL, NULL),
(4256, 135, 'D', 16, 'available', NULL, NULL, NULL),
(4257, 135, 'D', 17, 'available', NULL, NULL, NULL),
(4258, 135, 'D', 18, 'available', NULL, NULL, NULL),
(4259, 135, 'D', 19, 'available', NULL, NULL, NULL),
(4260, 135, 'D', 20, 'available', NULL, NULL, NULL),
(4261, 135, 'E', 1, 'available', NULL, NULL, NULL),
(4262, 135, 'E', 2, 'available', NULL, NULL, NULL),
(4263, 135, 'E', 3, 'available', NULL, NULL, NULL),
(4264, 135, 'E', 4, 'available', NULL, NULL, NULL),
(4265, 135, 'E', 5, 'available', NULL, NULL, NULL),
(4266, 135, 'E', 6, 'available', NULL, NULL, NULL),
(4267, 135, 'E', 7, 'available', NULL, NULL, NULL),
(4268, 135, 'E', 8, 'available', NULL, NULL, NULL),
(4269, 135, 'E', 9, 'available', NULL, NULL, NULL),
(4270, 135, 'E', 10, 'available', NULL, NULL, NULL),
(4271, 135, 'E', 11, 'available', NULL, NULL, NULL),
(4272, 135, 'E', 12, 'available', NULL, NULL, NULL),
(4273, 135, 'E', 13, 'available', NULL, NULL, NULL),
(4274, 135, 'E', 14, 'available', NULL, NULL, NULL),
(4275, 135, 'E', 15, 'available', NULL, NULL, NULL),
(4276, 135, 'E', 16, 'available', NULL, NULL, NULL),
(4277, 135, 'E', 17, 'available', NULL, NULL, NULL),
(4278, 135, 'E', 18, 'available', NULL, NULL, NULL),
(4279, 135, 'E', 19, 'available', NULL, NULL, NULL),
(4280, 135, 'E', 20, 'available', NULL, NULL, NULL),
(4281, 135, 'F', 1, 'available', NULL, NULL, NULL),
(4282, 135, 'F', 2, 'available', NULL, NULL, NULL),
(4283, 135, 'F', 3, 'available', NULL, NULL, NULL),
(4284, 135, 'F', 4, 'available', NULL, NULL, NULL),
(4285, 135, 'F', 5, 'available', NULL, NULL, NULL),
(4286, 135, 'F', 6, 'available', NULL, NULL, NULL),
(4287, 135, 'F', 7, 'available', NULL, NULL, NULL),
(4288, 135, 'F', 8, 'available', NULL, NULL, NULL),
(4289, 135, 'F', 9, 'available', NULL, NULL, NULL),
(4290, 135, 'F', 10, 'available', NULL, NULL, NULL),
(4291, 135, 'F', 11, 'available', NULL, NULL, NULL),
(4292, 135, 'F', 12, 'available', NULL, NULL, NULL),
(4293, 135, 'F', 13, 'available', NULL, NULL, NULL),
(4294, 135, 'F', 14, 'available', NULL, NULL, NULL),
(4295, 135, 'F', 15, 'available', NULL, NULL, NULL),
(4296, 135, 'F', 16, 'available', NULL, NULL, NULL),
(4297, 135, 'F', 17, 'available', NULL, NULL, NULL),
(4298, 135, 'F', 18, 'available', NULL, NULL, NULL),
(4299, 135, 'F', 19, 'available', NULL, NULL, NULL),
(4300, 135, 'F', 20, 'available', NULL, NULL, NULL),
(4301, 135, 'G', 1, 'available', NULL, NULL, NULL),
(4302, 135, 'G', 2, 'available', NULL, NULL, NULL),
(4303, 135, 'G', 3, 'available', NULL, NULL, NULL),
(4304, 135, 'G', 4, 'available', NULL, NULL, NULL),
(4305, 135, 'G', 5, 'available', NULL, NULL, NULL),
(4306, 135, 'G', 6, 'available', NULL, NULL, NULL),
(4307, 135, 'G', 7, 'available', NULL, NULL, NULL),
(4308, 135, 'G', 8, 'available', NULL, NULL, NULL),
(4309, 135, 'G', 9, 'available', NULL, NULL, NULL),
(4310, 135, 'G', 10, 'available', NULL, NULL, NULL),
(4311, 135, 'G', 11, 'available', NULL, NULL, NULL),
(4312, 135, 'G', 12, 'available', NULL, NULL, NULL),
(4313, 135, 'G', 13, 'available', NULL, NULL, NULL),
(4314, 135, 'G', 14, 'available', NULL, NULL, NULL),
(4315, 135, 'G', 15, 'available', NULL, NULL, NULL),
(4316, 135, 'G', 16, 'available', NULL, NULL, NULL),
(4317, 135, 'G', 17, 'available', NULL, NULL, NULL),
(4318, 135, 'G', 18, 'available', NULL, NULL, NULL),
(4319, 135, 'G', 19, 'available', NULL, NULL, NULL),
(4320, 135, 'G', 20, 'available', NULL, NULL, NULL),
(4321, 135, 'H', 1, 'available', NULL, NULL, NULL),
(4322, 135, 'H', 2, 'available', NULL, NULL, NULL),
(4323, 135, 'H', 3, 'available', NULL, NULL, NULL),
(4324, 135, 'H', 4, 'available', NULL, NULL, NULL),
(4325, 135, 'H', 5, 'available', NULL, NULL, NULL),
(4326, 135, 'H', 6, 'available', NULL, NULL, NULL),
(4327, 135, 'H', 7, 'available', NULL, NULL, NULL),
(4328, 135, 'H', 8, 'available', NULL, NULL, NULL),
(4329, 135, 'H', 9, 'available', NULL, NULL, NULL),
(4330, 135, 'H', 10, 'available', NULL, NULL, NULL),
(4331, 135, 'H', 11, 'available', NULL, NULL, NULL),
(4332, 135, 'H', 12, 'available', NULL, NULL, NULL),
(4333, 135, 'H', 13, 'available', NULL, NULL, NULL),
(4334, 135, 'H', 14, 'available', NULL, NULL, NULL),
(4335, 135, 'H', 15, 'available', NULL, NULL, NULL),
(4336, 135, 'H', 16, 'available', NULL, NULL, NULL),
(4337, 135, 'H', 17, 'available', NULL, NULL, NULL),
(4338, 135, 'H', 18, 'available', NULL, NULL, NULL),
(4339, 135, 'H', 19, 'available', NULL, NULL, NULL),
(4340, 135, 'H', 20, 'available', NULL, NULL, NULL),
(4341, 135, 'I', 1, 'available', NULL, NULL, NULL),
(4342, 135, 'I', 2, 'available', NULL, NULL, NULL),
(4343, 135, 'I', 3, 'available', NULL, NULL, NULL),
(4344, 135, 'I', 4, 'available', NULL, NULL, NULL),
(4345, 135, 'I', 5, 'available', NULL, NULL, NULL),
(4346, 135, 'I', 6, 'available', NULL, NULL, NULL),
(4347, 135, 'I', 7, 'available', NULL, NULL, NULL),
(4348, 135, 'I', 8, 'available', NULL, NULL, NULL),
(4349, 135, 'I', 9, 'available', NULL, NULL, NULL),
(4350, 135, 'I', 10, 'available', NULL, NULL, NULL),
(4351, 135, 'I', 11, 'available', NULL, NULL, NULL),
(4352, 135, 'I', 12, 'available', NULL, NULL, NULL),
(4353, 135, 'I', 13, 'available', NULL, NULL, NULL),
(4354, 135, 'I', 14, 'available', NULL, NULL, NULL),
(4355, 135, 'I', 15, 'available', NULL, NULL, NULL),
(4356, 135, 'I', 16, 'available', NULL, NULL, NULL),
(4357, 135, 'I', 17, 'available', NULL, NULL, NULL),
(4358, 135, 'I', 18, 'available', NULL, NULL, NULL),
(4359, 135, 'I', 19, 'available', NULL, NULL, NULL),
(4360, 135, 'I', 20, 'available', NULL, NULL, NULL),
(4361, 135, 'J', 1, 'available', NULL, NULL, NULL),
(4362, 135, 'J', 2, 'available', NULL, NULL, NULL),
(4363, 135, 'J', 3, 'available', NULL, NULL, NULL),
(4364, 135, 'J', 4, 'available', NULL, NULL, NULL),
(4365, 135, 'J', 5, 'available', NULL, NULL, NULL),
(4366, 135, 'J', 6, 'available', NULL, NULL, NULL),
(4367, 135, 'J', 7, 'available', NULL, NULL, NULL),
(4368, 135, 'J', 8, 'available', NULL, NULL, NULL),
(4369, 135, 'J', 9, 'available', NULL, NULL, NULL),
(4370, 135, 'J', 10, 'available', NULL, NULL, NULL),
(4371, 135, 'J', 11, 'available', NULL, NULL, NULL),
(4372, 135, 'J', 12, 'available', NULL, NULL, NULL),
(4373, 135, 'J', 13, 'available', NULL, NULL, NULL),
(4374, 135, 'J', 14, 'available', NULL, NULL, NULL),
(4375, 135, 'J', 15, 'available', NULL, NULL, NULL),
(4376, 135, 'J', 16, 'available', NULL, NULL, NULL),
(4377, 135, 'J', 17, 'available', NULL, NULL, NULL),
(4378, 135, 'J', 18, 'available', NULL, NULL, NULL),
(4379, 135, 'J', 19, 'available', NULL, NULL, NULL),
(4380, 135, 'J', 20, 'available', NULL, NULL, NULL),
(4381, 135, 'K', 1, 'available', NULL, NULL, NULL),
(4382, 135, 'K', 2, 'available', NULL, NULL, NULL),
(4383, 135, 'K', 3, 'available', NULL, NULL, NULL),
(4384, 135, 'K', 4, 'available', NULL, NULL, NULL),
(4385, 135, 'K', 5, 'available', NULL, NULL, NULL),
(4386, 135, 'K', 6, 'available', NULL, NULL, NULL),
(4387, 135, 'K', 7, 'available', NULL, NULL, NULL),
(4388, 135, 'K', 8, 'available', NULL, NULL, NULL),
(4389, 135, 'K', 9, 'available', NULL, NULL, NULL),
(4390, 135, 'K', 10, 'available', NULL, NULL, NULL),
(4391, 135, 'K', 11, 'available', NULL, NULL, NULL),
(4392, 135, 'K', 12, 'available', NULL, NULL, NULL),
(4393, 135, 'K', 13, 'available', NULL, NULL, NULL),
(4394, 135, 'K', 14, 'available', NULL, NULL, NULL),
(4395, 135, 'K', 15, 'available', NULL, NULL, NULL),
(4396, 135, 'K', 16, 'available', NULL, NULL, NULL),
(4397, 135, 'K', 17, 'available', NULL, NULL, NULL),
(4398, 135, 'K', 18, 'available', NULL, NULL, NULL),
(4399, 135, 'K', 19, 'available', NULL, NULL, NULL),
(4400, 135, 'K', 20, 'available', NULL, NULL, NULL),
(4401, 135, 'L', 1, 'available', NULL, NULL, NULL),
(4402, 135, 'L', 2, 'available', NULL, NULL, NULL),
(4403, 135, 'L', 3, 'available', NULL, NULL, NULL),
(4404, 135, 'L', 4, 'available', NULL, NULL, NULL),
(4405, 135, 'L', 5, 'available', NULL, NULL, NULL),
(4406, 135, 'L', 6, 'available', NULL, NULL, NULL),
(4407, 135, 'L', 7, 'available', NULL, NULL, NULL),
(4408, 135, 'L', 8, 'available', NULL, NULL, NULL),
(4409, 135, 'L', 9, 'available', NULL, NULL, NULL),
(4410, 135, 'L', 10, 'available', NULL, NULL, NULL),
(4411, 135, 'L', 11, 'available', NULL, NULL, NULL),
(4412, 135, 'L', 12, 'available', NULL, NULL, NULL),
(4413, 135, 'L', 13, 'available', NULL, NULL, NULL),
(4414, 135, 'L', 14, 'available', NULL, NULL, NULL),
(4415, 135, 'L', 15, 'available', NULL, NULL, NULL),
(4416, 135, 'L', 16, 'available', NULL, NULL, NULL),
(4417, 135, 'L', 17, 'available', NULL, NULL, NULL),
(4418, 135, 'L', 18, 'available', NULL, NULL, NULL),
(4419, 135, 'L', 19, 'available', NULL, NULL, NULL),
(4420, 135, 'L', 20, 'available', NULL, NULL, NULL),
(4421, 135, 'M', 1, 'available', NULL, NULL, NULL),
(4422, 135, 'M', 2, 'available', NULL, NULL, NULL),
(4423, 135, 'M', 3, 'available', NULL, NULL, NULL),
(4424, 135, 'M', 4, 'available', NULL, NULL, NULL),
(4425, 135, 'M', 5, 'available', NULL, NULL, NULL),
(4426, 135, 'M', 6, 'available', NULL, NULL, NULL),
(4427, 135, 'M', 7, 'available', NULL, NULL, NULL),
(4428, 135, 'M', 8, 'available', NULL, NULL, NULL),
(4429, 135, 'M', 9, 'available', NULL, NULL, NULL),
(4430, 135, 'M', 10, 'available', NULL, NULL, NULL),
(4431, 135, 'M', 11, 'available', NULL, NULL, NULL),
(4432, 135, 'M', 12, 'available', NULL, NULL, NULL),
(4433, 135, 'M', 13, 'available', NULL, NULL, NULL),
(4434, 135, 'M', 14, 'available', NULL, NULL, NULL),
(4435, 135, 'M', 15, 'available', NULL, NULL, NULL),
(4436, 135, 'M', 16, 'available', NULL, NULL, NULL),
(4437, 135, 'M', 17, 'available', NULL, NULL, NULL),
(4438, 135, 'M', 18, 'available', NULL, NULL, NULL),
(4439, 135, 'M', 19, 'available', NULL, NULL, NULL),
(4440, 135, 'M', 20, 'available', NULL, NULL, NULL),
(4441, 135, 'N', 1, 'available', NULL, NULL, NULL),
(4442, 135, 'N', 2, 'available', NULL, NULL, NULL),
(4443, 135, 'N', 3, 'available', NULL, NULL, NULL),
(4444, 135, 'N', 4, 'available', NULL, NULL, NULL),
(4445, 135, 'N', 5, 'available', NULL, NULL, NULL),
(4446, 135, 'N', 6, 'available', NULL, NULL, NULL),
(4447, 135, 'N', 7, 'available', NULL, NULL, NULL),
(4448, 135, 'N', 8, 'available', NULL, NULL, NULL),
(4449, 135, 'N', 9, 'available', NULL, NULL, NULL),
(4450, 135, 'N', 10, 'available', NULL, NULL, NULL),
(4451, 135, 'N', 11, 'available', NULL, NULL, NULL),
(4452, 135, 'N', 12, 'available', NULL, NULL, NULL),
(4453, 135, 'N', 13, 'available', NULL, NULL, NULL),
(4454, 135, 'N', 14, 'available', NULL, NULL, NULL),
(4455, 135, 'N', 15, 'available', NULL, NULL, NULL),
(4456, 135, 'N', 16, 'available', NULL, NULL, NULL),
(4457, 135, 'N', 17, 'available', NULL, NULL, NULL),
(4458, 135, 'N', 18, 'available', NULL, NULL, NULL),
(4459, 135, 'N', 19, 'available', NULL, NULL, NULL),
(4460, 135, 'N', 20, 'available', NULL, NULL, NULL),
(4461, 135, 'O', 1, 'available', NULL, NULL, NULL),
(4462, 135, 'O', 2, 'available', NULL, NULL, NULL),
(4463, 135, 'O', 3, 'available', NULL, NULL, NULL),
(4464, 135, 'O', 4, 'available', NULL, NULL, NULL),
(4465, 135, 'O', 5, 'available', NULL, NULL, NULL),
(4466, 135, 'O', 6, 'available', NULL, NULL, NULL),
(4467, 135, 'O', 7, 'available', NULL, NULL, NULL),
(4468, 135, 'O', 8, 'available', NULL, NULL, NULL),
(4469, 135, 'O', 9, 'available', NULL, NULL, NULL),
(4470, 135, 'O', 10, 'available', NULL, NULL, NULL),
(4471, 135, 'O', 11, 'available', NULL, NULL, NULL),
(4472, 135, 'O', 12, 'available', NULL, NULL, NULL),
(4473, 135, 'O', 13, 'available', NULL, NULL, NULL),
(4474, 135, 'O', 14, 'available', NULL, NULL, NULL),
(4475, 135, 'O', 15, 'available', NULL, NULL, NULL),
(4476, 135, 'O', 16, 'available', NULL, NULL, NULL),
(4477, 135, 'O', 17, 'available', NULL, NULL, NULL),
(4478, 135, 'O', 18, 'available', NULL, NULL, NULL),
(4479, 135, 'O', 19, 'available', NULL, NULL, NULL),
(4480, 135, 'O', 20, 'available', NULL, NULL, NULL),
(4481, 136, 'A', 1, 'available', NULL, NULL, NULL),
(4482, 136, 'A', 2, 'available', NULL, NULL, NULL),
(4483, 136, 'A', 3, 'available', NULL, NULL, NULL),
(4484, 136, 'A', 4, 'available', NULL, NULL, NULL),
(4485, 136, 'A', 5, 'available', NULL, NULL, NULL),
(4486, 136, 'A', 6, 'available', NULL, NULL, NULL),
(4487, 136, 'A', 7, 'available', NULL, NULL, NULL),
(4488, 136, 'A', 8, 'available', NULL, NULL, NULL),
(4489, 136, 'A', 9, 'available', NULL, NULL, NULL),
(4490, 136, 'A', 10, 'available', NULL, NULL, NULL),
(4491, 136, 'A', 11, 'available', NULL, NULL, NULL),
(4492, 136, 'A', 12, 'available', NULL, NULL, NULL),
(4493, 136, 'A', 13, 'available', NULL, NULL, NULL),
(4494, 136, 'A', 14, 'available', NULL, NULL, NULL),
(4495, 136, 'A', 15, 'available', NULL, NULL, NULL),
(4496, 136, 'A', 16, 'available', NULL, NULL, NULL),
(4497, 136, 'A', 17, 'available', NULL, NULL, NULL),
(4498, 136, 'A', 18, 'available', NULL, NULL, NULL),
(4499, 136, 'A', 19, 'available', NULL, NULL, NULL),
(4500, 136, 'A', 20, 'available', NULL, NULL, NULL),
(4501, 136, 'B', 1, 'available', NULL, NULL, NULL),
(4502, 136, 'B', 2, 'available', NULL, NULL, NULL),
(4503, 136, 'B', 3, 'available', NULL, NULL, NULL),
(4504, 136, 'B', 4, 'available', NULL, NULL, NULL),
(4505, 136, 'B', 5, 'available', NULL, NULL, NULL),
(4506, 136, 'B', 6, 'available', NULL, NULL, NULL),
(4507, 136, 'B', 7, 'available', NULL, NULL, NULL),
(4508, 136, 'B', 8, 'available', NULL, NULL, NULL),
(4509, 136, 'B', 9, 'available', NULL, NULL, NULL),
(4510, 136, 'B', 10, 'available', NULL, NULL, NULL),
(4511, 136, 'B', 11, 'available', NULL, NULL, NULL),
(4512, 136, 'B', 12, 'available', NULL, NULL, NULL),
(4513, 136, 'B', 13, 'available', NULL, NULL, NULL),
(4514, 136, 'B', 14, 'available', NULL, NULL, NULL),
(4515, 136, 'B', 15, 'available', NULL, NULL, NULL),
(4516, 136, 'B', 16, 'available', NULL, NULL, NULL),
(4517, 136, 'B', 17, 'available', NULL, NULL, NULL),
(4518, 136, 'B', 18, 'available', NULL, NULL, NULL),
(4519, 136, 'B', 19, 'available', NULL, NULL, NULL),
(4520, 136, 'B', 20, 'available', NULL, NULL, NULL),
(4521, 136, 'C', 1, 'available', NULL, NULL, NULL),
(4522, 136, 'C', 2, 'available', NULL, NULL, NULL),
(4523, 136, 'C', 3, 'available', NULL, NULL, NULL),
(4524, 136, 'C', 4, 'available', NULL, NULL, NULL),
(4525, 136, 'C', 5, 'available', NULL, NULL, NULL),
(4526, 136, 'C', 6, 'available', NULL, NULL, NULL),
(4527, 136, 'C', 7, 'available', NULL, NULL, NULL),
(4528, 136, 'C', 8, 'available', NULL, NULL, NULL),
(4529, 136, 'C', 9, 'available', NULL, NULL, NULL),
(4530, 136, 'C', 10, 'available', NULL, NULL, NULL),
(4531, 136, 'C', 11, 'available', NULL, NULL, NULL),
(4532, 136, 'C', 12, 'available', NULL, NULL, NULL),
(4533, 136, 'C', 13, 'available', NULL, NULL, NULL),
(4534, 136, 'C', 14, 'available', NULL, NULL, NULL),
(4535, 136, 'C', 15, 'available', NULL, NULL, NULL),
(4536, 136, 'C', 16, 'available', NULL, NULL, NULL),
(4537, 136, 'C', 17, 'available', NULL, NULL, NULL),
(4538, 136, 'C', 18, 'available', NULL, NULL, NULL),
(4539, 136, 'C', 19, 'available', NULL, NULL, NULL),
(4540, 136, 'C', 20, 'available', NULL, NULL, NULL),
(4541, 136, 'D', 1, 'available', NULL, NULL, NULL),
(4542, 136, 'D', 2, 'available', NULL, NULL, NULL),
(4543, 136, 'D', 3, 'available', NULL, NULL, NULL),
(4544, 136, 'D', 4, 'available', NULL, NULL, NULL),
(4545, 136, 'D', 5, 'available', NULL, NULL, NULL),
(4546, 136, 'D', 6, 'available', NULL, NULL, NULL),
(4547, 136, 'D', 7, 'available', NULL, NULL, NULL),
(4548, 136, 'D', 8, 'available', NULL, NULL, NULL),
(4549, 136, 'D', 9, 'available', NULL, NULL, NULL),
(4550, 136, 'D', 10, 'available', NULL, NULL, NULL),
(4551, 136, 'D', 11, 'available', NULL, NULL, NULL),
(4552, 136, 'D', 12, 'available', NULL, NULL, NULL),
(4553, 136, 'D', 13, 'available', NULL, NULL, NULL),
(4554, 136, 'D', 14, 'available', NULL, NULL, NULL),
(4555, 136, 'D', 15, 'available', NULL, NULL, NULL),
(4556, 136, 'D', 16, 'available', NULL, NULL, NULL),
(4557, 136, 'D', 17, 'available', NULL, NULL, NULL),
(4558, 136, 'D', 18, 'available', NULL, NULL, NULL),
(4559, 136, 'D', 19, 'available', NULL, NULL, NULL),
(4560, 136, 'D', 20, 'available', NULL, NULL, NULL),
(4561, 136, 'E', 1, 'available', NULL, NULL, NULL),
(4562, 136, 'E', 2, 'available', NULL, NULL, NULL),
(4563, 136, 'E', 3, 'available', NULL, NULL, NULL),
(4564, 136, 'E', 4, 'available', NULL, NULL, NULL),
(4565, 136, 'E', 5, 'available', NULL, NULL, NULL),
(4566, 136, 'E', 6, 'available', NULL, NULL, NULL),
(4567, 136, 'E', 7, 'available', NULL, NULL, NULL),
(4568, 136, 'E', 8, 'available', NULL, NULL, NULL),
(4569, 136, 'E', 9, 'available', NULL, NULL, NULL);
INSERT INTO `evento_asientos` (`id`, `id_zona`, `fila`, `columna`, `estado`, `id_orden_held`, `id_orden_compra`, `held_at`) VALUES
(4570, 136, 'E', 10, 'available', NULL, NULL, NULL),
(4571, 136, 'E', 11, 'available', NULL, NULL, NULL),
(4572, 136, 'E', 12, 'available', NULL, NULL, NULL),
(4573, 136, 'E', 13, 'available', NULL, NULL, NULL),
(4574, 136, 'E', 14, 'available', NULL, NULL, NULL),
(4575, 136, 'E', 15, 'available', NULL, NULL, NULL),
(4576, 136, 'E', 16, 'available', NULL, NULL, NULL),
(4577, 136, 'E', 17, 'available', NULL, NULL, NULL),
(4578, 136, 'E', 18, 'available', NULL, NULL, NULL),
(4579, 136, 'E', 19, 'available', NULL, NULL, NULL),
(4580, 136, 'E', 20, 'available', NULL, NULL, NULL),
(4581, 136, 'F', 1, 'available', NULL, NULL, NULL),
(4582, 136, 'F', 2, 'available', NULL, NULL, NULL),
(4583, 136, 'F', 3, 'available', NULL, NULL, NULL),
(4584, 136, 'F', 4, 'available', NULL, NULL, NULL),
(4585, 136, 'F', 5, 'available', NULL, NULL, NULL),
(4586, 136, 'F', 6, 'available', NULL, NULL, NULL),
(4587, 136, 'F', 7, 'available', NULL, NULL, NULL),
(4588, 136, 'F', 8, 'available', NULL, NULL, NULL),
(4589, 136, 'F', 9, 'available', NULL, NULL, NULL),
(4590, 136, 'F', 10, 'available', NULL, NULL, NULL),
(4591, 136, 'F', 11, 'available', NULL, NULL, NULL),
(4592, 136, 'F', 12, 'available', NULL, NULL, NULL),
(4593, 136, 'F', 13, 'available', NULL, NULL, NULL),
(4594, 136, 'F', 14, 'available', NULL, NULL, NULL),
(4595, 136, 'F', 15, 'available', NULL, NULL, NULL),
(4596, 136, 'F', 16, 'available', NULL, NULL, NULL),
(4597, 136, 'F', 17, 'available', NULL, NULL, NULL),
(4598, 136, 'F', 18, 'available', NULL, NULL, NULL),
(4599, 136, 'F', 19, 'available', NULL, NULL, NULL),
(4600, 136, 'F', 20, 'available', NULL, NULL, NULL),
(4601, 136, 'G', 1, 'available', NULL, NULL, NULL),
(4602, 136, 'G', 2, 'available', NULL, NULL, NULL),
(4603, 136, 'G', 3, 'available', NULL, NULL, NULL),
(4604, 136, 'G', 4, 'available', NULL, NULL, NULL),
(4605, 136, 'G', 5, 'available', NULL, NULL, NULL),
(4606, 136, 'G', 6, 'available', NULL, NULL, NULL),
(4607, 136, 'G', 7, 'available', NULL, NULL, NULL),
(4608, 136, 'G', 8, 'available', NULL, NULL, NULL),
(4609, 136, 'G', 9, 'available', NULL, NULL, NULL),
(4610, 136, 'G', 10, 'available', NULL, NULL, NULL),
(4611, 136, 'G', 11, 'available', NULL, NULL, NULL),
(4612, 136, 'G', 12, 'available', NULL, NULL, NULL),
(4613, 136, 'G', 13, 'available', NULL, NULL, NULL),
(4614, 136, 'G', 14, 'available', NULL, NULL, NULL),
(4615, 136, 'G', 15, 'available', NULL, NULL, NULL),
(4616, 136, 'G', 16, 'available', NULL, NULL, NULL),
(4617, 136, 'G', 17, 'available', NULL, NULL, NULL),
(4618, 136, 'G', 18, 'available', NULL, NULL, NULL),
(4619, 136, 'G', 19, 'available', NULL, NULL, NULL),
(4620, 136, 'G', 20, 'available', NULL, NULL, NULL),
(4621, 136, 'H', 1, 'available', NULL, NULL, NULL),
(4622, 136, 'H', 2, 'available', NULL, NULL, NULL),
(4623, 136, 'H', 3, 'available', NULL, NULL, NULL),
(4624, 136, 'H', 4, 'available', NULL, NULL, NULL),
(4625, 136, 'H', 5, 'available', NULL, NULL, NULL),
(4626, 136, 'H', 6, 'available', NULL, NULL, NULL),
(4627, 136, 'H', 7, 'available', NULL, NULL, NULL),
(4628, 136, 'H', 8, 'available', NULL, NULL, NULL),
(4629, 136, 'H', 9, 'available', NULL, NULL, NULL),
(4630, 136, 'H', 10, 'available', NULL, NULL, NULL),
(4631, 136, 'H', 11, 'available', NULL, NULL, NULL),
(4632, 136, 'H', 12, 'available', NULL, NULL, NULL),
(4633, 136, 'H', 13, 'available', NULL, NULL, NULL),
(4634, 136, 'H', 14, 'available', NULL, NULL, NULL),
(4635, 136, 'H', 15, 'available', NULL, NULL, NULL),
(4636, 136, 'H', 16, 'available', NULL, NULL, NULL),
(4637, 136, 'H', 17, 'available', NULL, NULL, NULL),
(4638, 136, 'H', 18, 'available', NULL, NULL, NULL),
(4639, 136, 'H', 19, 'available', NULL, NULL, NULL),
(4640, 136, 'H', 20, 'available', NULL, NULL, NULL),
(4641, 136, 'I', 1, 'available', NULL, NULL, NULL),
(4642, 136, 'I', 2, 'available', NULL, NULL, NULL),
(4643, 136, 'I', 3, 'available', NULL, NULL, NULL),
(4644, 136, 'I', 4, 'available', NULL, NULL, NULL),
(4645, 136, 'I', 5, 'available', NULL, NULL, NULL),
(4646, 136, 'I', 6, 'available', NULL, NULL, NULL),
(4647, 136, 'I', 7, 'available', NULL, NULL, NULL),
(4648, 136, 'I', 8, 'available', NULL, NULL, NULL),
(4649, 136, 'I', 9, 'available', NULL, NULL, NULL),
(4650, 136, 'I', 10, 'available', NULL, NULL, NULL),
(4651, 136, 'I', 11, 'available', NULL, NULL, NULL),
(4652, 136, 'I', 12, 'available', NULL, NULL, NULL),
(4653, 136, 'I', 13, 'available', NULL, NULL, NULL),
(4654, 136, 'I', 14, 'available', NULL, NULL, NULL),
(4655, 136, 'I', 15, 'available', NULL, NULL, NULL),
(4656, 136, 'I', 16, 'available', NULL, NULL, NULL),
(4657, 136, 'I', 17, 'available', NULL, NULL, NULL),
(4658, 136, 'I', 18, 'available', NULL, NULL, NULL),
(4659, 136, 'I', 19, 'available', NULL, NULL, NULL),
(4660, 136, 'I', 20, 'available', NULL, NULL, NULL),
(4661, 136, 'J', 1, 'available', NULL, NULL, NULL),
(4662, 136, 'J', 2, 'available', NULL, NULL, NULL),
(4663, 136, 'J', 3, 'available', NULL, NULL, NULL),
(4664, 136, 'J', 4, 'available', NULL, NULL, NULL),
(4665, 136, 'J', 5, 'available', NULL, NULL, NULL),
(4666, 136, 'J', 6, 'available', NULL, NULL, NULL),
(4667, 136, 'J', 7, 'available', NULL, NULL, NULL),
(4668, 136, 'J', 8, 'available', NULL, NULL, NULL),
(4669, 136, 'J', 9, 'available', NULL, NULL, NULL),
(4670, 136, 'J', 10, 'available', NULL, NULL, NULL),
(4671, 136, 'J', 11, 'available', NULL, NULL, NULL),
(4672, 136, 'J', 12, 'available', NULL, NULL, NULL),
(4673, 136, 'J', 13, 'available', NULL, NULL, NULL),
(4674, 136, 'J', 14, 'available', NULL, NULL, NULL),
(4675, 136, 'J', 15, 'available', NULL, NULL, NULL),
(4676, 136, 'J', 16, 'available', NULL, NULL, NULL),
(4677, 136, 'J', 17, 'available', NULL, NULL, NULL),
(4678, 136, 'J', 18, 'available', NULL, NULL, NULL),
(4679, 136, 'J', 19, 'available', NULL, NULL, NULL),
(4680, 136, 'J', 20, 'available', NULL, NULL, NULL),
(4681, 136, 'K', 1, 'available', NULL, NULL, NULL),
(4682, 136, 'K', 2, 'available', NULL, NULL, NULL),
(4683, 136, 'K', 3, 'available', NULL, NULL, NULL),
(4684, 136, 'K', 4, 'available', NULL, NULL, NULL),
(4685, 136, 'K', 5, 'available', NULL, NULL, NULL),
(4686, 136, 'K', 6, 'available', NULL, NULL, NULL),
(4687, 136, 'K', 7, 'available', NULL, NULL, NULL),
(4688, 136, 'K', 8, 'available', NULL, NULL, NULL),
(4689, 136, 'K', 9, 'available', NULL, NULL, NULL),
(4690, 136, 'K', 10, 'available', NULL, NULL, NULL),
(4691, 136, 'K', 11, 'available', NULL, NULL, NULL),
(4692, 136, 'K', 12, 'available', NULL, NULL, NULL),
(4693, 136, 'K', 13, 'available', NULL, NULL, NULL),
(4694, 136, 'K', 14, 'available', NULL, NULL, NULL),
(4695, 136, 'K', 15, 'available', NULL, NULL, NULL),
(4696, 136, 'K', 16, 'available', NULL, NULL, NULL),
(4697, 136, 'K', 17, 'available', NULL, NULL, NULL),
(4698, 136, 'K', 18, 'available', NULL, NULL, NULL),
(4699, 136, 'K', 19, 'available', NULL, NULL, NULL),
(4700, 136, 'K', 20, 'available', NULL, NULL, NULL),
(4701, 136, 'L', 1, 'available', NULL, NULL, NULL),
(4702, 136, 'L', 2, 'available', NULL, NULL, NULL),
(4703, 136, 'L', 3, 'available', NULL, NULL, NULL),
(4704, 136, 'L', 4, 'available', NULL, NULL, NULL),
(4705, 136, 'L', 5, 'available', NULL, NULL, NULL),
(4706, 136, 'L', 6, 'available', NULL, NULL, NULL),
(4707, 136, 'L', 7, 'available', NULL, NULL, NULL),
(4708, 136, 'L', 8, 'available', NULL, NULL, NULL),
(4709, 136, 'L', 9, 'available', NULL, NULL, NULL),
(4710, 136, 'L', 10, 'available', NULL, NULL, NULL),
(4711, 136, 'L', 11, 'available', NULL, NULL, NULL),
(4712, 136, 'L', 12, 'available', NULL, NULL, NULL),
(4713, 136, 'L', 13, 'available', NULL, NULL, NULL),
(4714, 136, 'L', 14, 'available', NULL, NULL, NULL),
(4715, 136, 'L', 15, 'available', NULL, NULL, NULL),
(4716, 136, 'L', 16, 'available', NULL, NULL, NULL),
(4717, 136, 'L', 17, 'available', NULL, NULL, NULL),
(4718, 136, 'L', 18, 'available', NULL, NULL, NULL),
(4719, 136, 'L', 19, 'available', NULL, NULL, NULL),
(4720, 136, 'L', 20, 'available', NULL, NULL, NULL),
(4721, 136, 'M', 1, 'available', NULL, NULL, NULL),
(4722, 136, 'M', 2, 'available', NULL, NULL, NULL),
(4723, 136, 'M', 3, 'available', NULL, NULL, NULL),
(4724, 136, 'M', 4, 'available', NULL, NULL, NULL),
(4725, 136, 'M', 5, 'available', NULL, NULL, NULL),
(4726, 136, 'M', 6, 'available', NULL, NULL, NULL),
(4727, 136, 'M', 7, 'available', NULL, NULL, NULL),
(4728, 136, 'M', 8, 'available', NULL, NULL, NULL),
(4729, 136, 'M', 9, 'available', NULL, NULL, NULL),
(4730, 136, 'M', 10, 'available', NULL, NULL, NULL),
(4731, 136, 'M', 11, 'available', NULL, NULL, NULL),
(4732, 136, 'M', 12, 'available', NULL, NULL, NULL),
(4733, 136, 'M', 13, 'available', NULL, NULL, NULL),
(4734, 136, 'M', 14, 'available', NULL, NULL, NULL),
(4735, 136, 'M', 15, 'available', NULL, NULL, NULL),
(4736, 136, 'M', 16, 'available', NULL, NULL, NULL),
(4737, 136, 'M', 17, 'available', NULL, NULL, NULL),
(4738, 136, 'M', 18, 'available', NULL, NULL, NULL),
(4739, 136, 'M', 19, 'available', NULL, NULL, NULL),
(4740, 136, 'M', 20, 'available', NULL, NULL, NULL),
(4741, 136, 'N', 1, 'available', NULL, NULL, NULL),
(4742, 136, 'N', 2, 'available', NULL, NULL, NULL),
(4743, 136, 'N', 3, 'available', NULL, NULL, NULL),
(4744, 136, 'N', 4, 'available', NULL, NULL, NULL),
(4745, 136, 'N', 5, 'available', NULL, NULL, NULL),
(4746, 136, 'N', 6, 'available', NULL, NULL, NULL),
(4747, 136, 'N', 7, 'available', NULL, NULL, NULL),
(4748, 136, 'N', 8, 'available', NULL, NULL, NULL),
(4749, 136, 'N', 9, 'available', NULL, NULL, NULL),
(4750, 136, 'N', 10, 'available', NULL, NULL, NULL),
(4751, 136, 'N', 11, 'available', NULL, NULL, NULL),
(4752, 136, 'N', 12, 'available', NULL, NULL, NULL),
(4753, 136, 'N', 13, 'available', NULL, NULL, NULL),
(4754, 136, 'N', 14, 'available', NULL, NULL, NULL),
(4755, 136, 'N', 15, 'available', NULL, NULL, NULL),
(4756, 136, 'N', 16, 'available', NULL, NULL, NULL),
(4757, 136, 'N', 17, 'available', NULL, NULL, NULL),
(4758, 136, 'N', 18, 'available', NULL, NULL, NULL),
(4759, 136, 'N', 19, 'available', NULL, NULL, NULL),
(4760, 136, 'N', 20, 'available', NULL, NULL, NULL),
(4761, 136, 'O', 1, 'available', NULL, NULL, NULL),
(4762, 136, 'O', 2, 'available', NULL, NULL, NULL),
(4763, 136, 'O', 3, 'available', NULL, NULL, NULL),
(4764, 136, 'O', 4, 'available', NULL, NULL, NULL),
(4765, 136, 'O', 5, 'available', NULL, NULL, NULL),
(4766, 136, 'O', 6, 'available', NULL, NULL, NULL),
(4767, 136, 'O', 7, 'available', NULL, NULL, NULL),
(4768, 136, 'O', 8, 'available', NULL, NULL, NULL),
(4769, 136, 'O', 9, 'available', NULL, NULL, NULL),
(4770, 136, 'O', 10, 'available', NULL, NULL, NULL),
(4771, 136, 'O', 11, 'available', NULL, NULL, NULL),
(4772, 136, 'O', 12, 'available', NULL, NULL, NULL),
(4773, 136, 'O', 13, 'available', NULL, NULL, NULL),
(4774, 136, 'O', 14, 'available', NULL, NULL, NULL),
(4775, 136, 'O', 15, 'available', NULL, NULL, NULL),
(4776, 136, 'O', 16, 'available', NULL, NULL, NULL),
(4777, 136, 'O', 17, 'available', NULL, NULL, NULL),
(4778, 136, 'O', 18, 'available', NULL, NULL, NULL),
(4779, 136, 'O', 19, 'available', NULL, NULL, NULL),
(4780, 136, 'O', 20, 'available', NULL, NULL, NULL),
(4781, 137, 'A', 1, 'available', NULL, NULL, NULL),
(4782, 137, 'A', 2, 'available', NULL, NULL, NULL),
(4783, 137, 'A', 3, 'available', NULL, NULL, NULL),
(4784, 137, 'A', 4, 'available', NULL, NULL, NULL),
(4785, 137, 'A', 5, 'available', NULL, NULL, NULL),
(4786, 137, 'A', 6, 'available', NULL, NULL, NULL),
(4787, 137, 'A', 7, 'available', NULL, NULL, NULL),
(4788, 137, 'A', 8, 'available', NULL, NULL, NULL),
(4789, 137, 'A', 9, 'available', NULL, NULL, NULL),
(4790, 137, 'A', 10, 'available', NULL, NULL, NULL),
(4791, 137, 'A', 11, 'available', NULL, NULL, NULL),
(4792, 137, 'A', 12, 'available', NULL, NULL, NULL),
(4793, 137, 'A', 13, 'available', NULL, NULL, NULL),
(4794, 137, 'A', 14, 'available', NULL, NULL, NULL),
(4795, 137, 'A', 15, 'available', NULL, NULL, NULL),
(4796, 137, 'A', 16, 'available', NULL, NULL, NULL),
(4797, 137, 'A', 17, 'available', NULL, NULL, NULL),
(4798, 137, 'A', 18, 'available', NULL, NULL, NULL),
(4799, 137, 'A', 19, 'available', NULL, NULL, NULL),
(4800, 137, 'A', 20, 'available', NULL, NULL, NULL),
(4801, 137, 'B', 1, 'available', NULL, NULL, NULL),
(4802, 137, 'B', 2, 'available', NULL, NULL, NULL),
(4803, 137, 'B', 3, 'available', NULL, NULL, NULL),
(4804, 137, 'B', 4, 'available', NULL, NULL, NULL),
(4805, 137, 'B', 5, 'available', NULL, NULL, NULL),
(4806, 137, 'B', 6, 'available', NULL, NULL, NULL),
(4807, 137, 'B', 7, 'available', NULL, NULL, NULL),
(4808, 137, 'B', 8, 'available', NULL, NULL, NULL),
(4809, 137, 'B', 9, 'available', NULL, NULL, NULL),
(4810, 137, 'B', 10, 'available', NULL, NULL, NULL),
(4811, 137, 'B', 11, 'available', NULL, NULL, NULL),
(4812, 137, 'B', 12, 'available', NULL, NULL, NULL),
(4813, 137, 'B', 13, 'available', NULL, NULL, NULL),
(4814, 137, 'B', 14, 'available', NULL, NULL, NULL),
(4815, 137, 'B', 15, 'available', NULL, NULL, NULL),
(4816, 137, 'B', 16, 'available', NULL, NULL, NULL),
(4817, 137, 'B', 17, 'available', NULL, NULL, NULL),
(4818, 137, 'B', 18, 'available', NULL, NULL, NULL),
(4819, 137, 'B', 19, 'available', NULL, NULL, NULL),
(4820, 137, 'B', 20, 'available', NULL, NULL, NULL),
(4821, 137, 'C', 1, 'available', NULL, NULL, NULL),
(4822, 137, 'C', 2, 'available', NULL, NULL, NULL),
(4823, 137, 'C', 3, 'available', NULL, NULL, NULL),
(4824, 137, 'C', 4, 'available', NULL, NULL, NULL),
(4825, 137, 'C', 5, 'available', NULL, NULL, NULL),
(4826, 137, 'C', 6, 'available', NULL, NULL, NULL),
(4827, 137, 'C', 7, 'available', NULL, NULL, NULL),
(4828, 137, 'C', 8, 'available', NULL, NULL, NULL),
(4829, 137, 'C', 9, 'available', NULL, NULL, NULL),
(4830, 137, 'C', 10, 'available', NULL, NULL, NULL),
(4831, 137, 'C', 11, 'available', NULL, NULL, NULL),
(4832, 137, 'C', 12, 'available', NULL, NULL, NULL),
(4833, 137, 'C', 13, 'available', NULL, NULL, NULL),
(4834, 137, 'C', 14, 'available', NULL, NULL, NULL),
(4835, 137, 'C', 15, 'available', NULL, NULL, NULL),
(4836, 137, 'C', 16, 'available', NULL, NULL, NULL),
(4837, 137, 'C', 17, 'available', NULL, NULL, NULL),
(4838, 137, 'C', 18, 'available', NULL, NULL, NULL),
(4839, 137, 'C', 19, 'available', NULL, NULL, NULL),
(4840, 137, 'C', 20, 'available', NULL, NULL, NULL),
(4841, 137, 'D', 1, 'available', NULL, NULL, NULL),
(4842, 137, 'D', 2, 'available', NULL, NULL, NULL),
(4843, 137, 'D', 3, 'available', NULL, NULL, NULL),
(4844, 137, 'D', 4, 'available', NULL, NULL, NULL),
(4845, 137, 'D', 5, 'available', NULL, NULL, NULL),
(4846, 137, 'D', 6, 'available', NULL, NULL, NULL),
(4847, 137, 'D', 7, 'available', NULL, NULL, NULL),
(4848, 137, 'D', 8, 'available', NULL, NULL, NULL),
(4849, 137, 'D', 9, 'available', NULL, NULL, NULL),
(4850, 137, 'D', 10, 'available', NULL, NULL, NULL),
(4851, 137, 'D', 11, 'available', NULL, NULL, NULL),
(4852, 137, 'D', 12, 'available', NULL, NULL, NULL),
(4853, 137, 'D', 13, 'available', NULL, NULL, NULL),
(4854, 137, 'D', 14, 'available', NULL, NULL, NULL),
(4855, 137, 'D', 15, 'available', NULL, NULL, NULL),
(4856, 137, 'D', 16, 'available', NULL, NULL, NULL),
(4857, 137, 'D', 17, 'available', NULL, NULL, NULL),
(4858, 137, 'D', 18, 'available', NULL, NULL, NULL),
(4859, 137, 'D', 19, 'available', NULL, NULL, NULL),
(4860, 137, 'D', 20, 'available', NULL, NULL, NULL),
(4861, 137, 'E', 1, 'available', NULL, NULL, NULL),
(4862, 137, 'E', 2, 'available', NULL, NULL, NULL),
(4863, 137, 'E', 3, 'available', NULL, NULL, NULL),
(4864, 137, 'E', 4, 'available', NULL, NULL, NULL),
(4865, 137, 'E', 5, 'available', NULL, NULL, NULL),
(4866, 137, 'E', 6, 'available', NULL, NULL, NULL),
(4867, 137, 'E', 7, 'available', NULL, NULL, NULL),
(4868, 137, 'E', 8, 'available', NULL, NULL, NULL),
(4869, 137, 'E', 9, 'available', NULL, NULL, NULL),
(4870, 137, 'E', 10, 'available', NULL, NULL, NULL),
(4871, 137, 'E', 11, 'available', NULL, NULL, NULL),
(4872, 137, 'E', 12, 'available', NULL, NULL, NULL),
(4873, 137, 'E', 13, 'available', NULL, NULL, NULL),
(4874, 137, 'E', 14, 'available', NULL, NULL, NULL),
(4875, 137, 'E', 15, 'available', NULL, NULL, NULL),
(4876, 137, 'E', 16, 'available', NULL, NULL, NULL),
(4877, 137, 'E', 17, 'available', NULL, NULL, NULL),
(4878, 137, 'E', 18, 'available', NULL, NULL, NULL),
(4879, 137, 'E', 19, 'available', NULL, NULL, NULL),
(4880, 137, 'E', 20, 'available', NULL, NULL, NULL),
(4881, 137, 'F', 1, 'available', NULL, NULL, NULL),
(4882, 137, 'F', 2, 'available', NULL, NULL, NULL),
(4883, 137, 'F', 3, 'available', NULL, NULL, NULL),
(4884, 137, 'F', 4, 'available', NULL, NULL, NULL),
(4885, 137, 'F', 5, 'available', NULL, NULL, NULL),
(4886, 137, 'F', 6, 'available', NULL, NULL, NULL),
(4887, 137, 'F', 7, 'available', NULL, NULL, NULL),
(4888, 137, 'F', 8, 'available', NULL, NULL, NULL),
(4889, 137, 'F', 9, 'available', NULL, NULL, NULL),
(4890, 137, 'F', 10, 'available', NULL, NULL, NULL),
(4891, 137, 'F', 11, 'available', NULL, NULL, NULL),
(4892, 137, 'F', 12, 'available', NULL, NULL, NULL),
(4893, 137, 'F', 13, 'available', NULL, NULL, NULL),
(4894, 137, 'F', 14, 'available', NULL, NULL, NULL),
(4895, 137, 'F', 15, 'available', NULL, NULL, NULL),
(4896, 137, 'F', 16, 'available', NULL, NULL, NULL),
(4897, 137, 'F', 17, 'available', NULL, NULL, NULL),
(4898, 137, 'F', 18, 'available', NULL, NULL, NULL),
(4899, 137, 'F', 19, 'available', NULL, NULL, NULL),
(4900, 137, 'F', 20, 'available', NULL, NULL, NULL),
(4901, 137, 'G', 1, 'available', NULL, NULL, NULL),
(4902, 137, 'G', 2, 'available', NULL, NULL, NULL),
(4903, 137, 'G', 3, 'available', NULL, NULL, NULL),
(4904, 137, 'G', 4, 'available', NULL, NULL, NULL),
(4905, 137, 'G', 5, 'available', NULL, NULL, NULL),
(4906, 137, 'G', 6, 'available', NULL, NULL, NULL),
(4907, 137, 'G', 7, 'available', NULL, NULL, NULL),
(4908, 137, 'G', 8, 'available', NULL, NULL, NULL),
(4909, 137, 'G', 9, 'available', NULL, NULL, NULL),
(4910, 137, 'G', 10, 'available', NULL, NULL, NULL),
(4911, 137, 'G', 11, 'available', NULL, NULL, NULL),
(4912, 137, 'G', 12, 'available', NULL, NULL, NULL),
(4913, 137, 'G', 13, 'available', NULL, NULL, NULL),
(4914, 137, 'G', 14, 'available', NULL, NULL, NULL),
(4915, 137, 'G', 15, 'available', NULL, NULL, NULL),
(4916, 137, 'G', 16, 'available', NULL, NULL, NULL),
(4917, 137, 'G', 17, 'available', NULL, NULL, NULL),
(4918, 137, 'G', 18, 'available', NULL, NULL, NULL),
(4919, 137, 'G', 19, 'available', NULL, NULL, NULL),
(4920, 137, 'G', 20, 'available', NULL, NULL, NULL),
(4921, 137, 'H', 1, 'available', NULL, NULL, NULL),
(4922, 137, 'H', 2, 'available', NULL, NULL, NULL),
(4923, 137, 'H', 3, 'available', NULL, NULL, NULL),
(4924, 137, 'H', 4, 'available', NULL, NULL, NULL),
(4925, 137, 'H', 5, 'available', NULL, NULL, NULL),
(4926, 137, 'H', 6, 'available', NULL, NULL, NULL),
(4927, 137, 'H', 7, 'available', NULL, NULL, NULL),
(4928, 137, 'H', 8, 'available', NULL, NULL, NULL),
(4929, 137, 'H', 9, 'available', NULL, NULL, NULL),
(4930, 137, 'H', 10, 'available', NULL, NULL, NULL),
(4931, 137, 'H', 11, 'available', NULL, NULL, NULL),
(4932, 137, 'H', 12, 'available', NULL, NULL, NULL),
(4933, 137, 'H', 13, 'available', NULL, NULL, NULL),
(4934, 137, 'H', 14, 'available', NULL, NULL, NULL),
(4935, 137, 'H', 15, 'available', NULL, NULL, NULL),
(4936, 137, 'H', 16, 'available', NULL, NULL, NULL),
(4937, 137, 'H', 17, 'available', NULL, NULL, NULL),
(4938, 137, 'H', 18, 'available', NULL, NULL, NULL),
(4939, 137, 'H', 19, 'available', NULL, NULL, NULL),
(4940, 137, 'H', 20, 'available', NULL, NULL, NULL),
(4941, 137, 'I', 1, 'available', NULL, NULL, NULL),
(4942, 137, 'I', 2, 'available', NULL, NULL, NULL),
(4943, 137, 'I', 3, 'available', NULL, NULL, NULL),
(4944, 137, 'I', 4, 'available', NULL, NULL, NULL),
(4945, 137, 'I', 5, 'available', NULL, NULL, NULL),
(4946, 137, 'I', 6, 'available', NULL, NULL, NULL),
(4947, 137, 'I', 7, 'available', NULL, NULL, NULL),
(4948, 137, 'I', 8, 'available', NULL, NULL, NULL),
(4949, 137, 'I', 9, 'available', NULL, NULL, NULL),
(4950, 137, 'I', 10, 'available', NULL, NULL, NULL),
(4951, 137, 'I', 11, 'available', NULL, NULL, NULL),
(4952, 137, 'I', 12, 'available', NULL, NULL, NULL),
(4953, 137, 'I', 13, 'available', NULL, NULL, NULL),
(4954, 137, 'I', 14, 'available', NULL, NULL, NULL),
(4955, 137, 'I', 15, 'available', NULL, NULL, NULL),
(4956, 137, 'I', 16, 'available', NULL, NULL, NULL),
(4957, 137, 'I', 17, 'available', NULL, NULL, NULL),
(4958, 137, 'I', 18, 'available', NULL, NULL, NULL),
(4959, 137, 'I', 19, 'available', NULL, NULL, NULL),
(4960, 137, 'I', 20, 'available', NULL, NULL, NULL),
(4961, 137, 'J', 1, 'available', NULL, NULL, NULL),
(4962, 137, 'J', 2, 'available', NULL, NULL, NULL),
(4963, 137, 'J', 3, 'available', NULL, NULL, NULL),
(4964, 137, 'J', 4, 'available', NULL, NULL, NULL),
(4965, 137, 'J', 5, 'available', NULL, NULL, NULL),
(4966, 137, 'J', 6, 'available', NULL, NULL, NULL),
(4967, 137, 'J', 7, 'available', NULL, NULL, NULL),
(4968, 137, 'J', 8, 'available', NULL, NULL, NULL),
(4969, 137, 'J', 9, 'available', NULL, NULL, NULL),
(4970, 137, 'J', 10, 'available', NULL, NULL, NULL),
(4971, 137, 'J', 11, 'available', NULL, NULL, NULL),
(4972, 137, 'J', 12, 'available', NULL, NULL, NULL),
(4973, 137, 'J', 13, 'available', NULL, NULL, NULL),
(4974, 137, 'J', 14, 'available', NULL, NULL, NULL),
(4975, 137, 'J', 15, 'available', NULL, NULL, NULL),
(4976, 137, 'J', 16, 'available', NULL, NULL, NULL),
(4977, 137, 'J', 17, 'available', NULL, NULL, NULL),
(4978, 137, 'J', 18, 'available', NULL, NULL, NULL),
(4979, 137, 'J', 19, 'available', NULL, NULL, NULL),
(4980, 137, 'J', 20, 'available', NULL, NULL, NULL),
(4981, 137, 'K', 1, 'available', NULL, NULL, NULL),
(4982, 137, 'K', 2, 'available', NULL, NULL, NULL),
(4983, 137, 'K', 3, 'available', NULL, NULL, NULL),
(4984, 137, 'K', 4, 'available', NULL, NULL, NULL),
(4985, 137, 'K', 5, 'available', NULL, NULL, NULL),
(4986, 137, 'K', 6, 'available', NULL, NULL, NULL),
(4987, 137, 'K', 7, 'available', NULL, NULL, NULL),
(4988, 137, 'K', 8, 'available', NULL, NULL, NULL),
(4989, 137, 'K', 9, 'available', NULL, NULL, NULL),
(4990, 137, 'K', 10, 'available', NULL, NULL, NULL),
(4991, 137, 'K', 11, 'available', NULL, NULL, NULL),
(4992, 137, 'K', 12, 'available', NULL, NULL, NULL),
(4993, 137, 'K', 13, 'available', NULL, NULL, NULL),
(4994, 137, 'K', 14, 'available', NULL, NULL, NULL),
(4995, 137, 'K', 15, 'available', NULL, NULL, NULL),
(4996, 137, 'K', 16, 'available', NULL, NULL, NULL),
(4997, 137, 'K', 17, 'available', NULL, NULL, NULL),
(4998, 137, 'K', 18, 'available', NULL, NULL, NULL),
(4999, 137, 'K', 19, 'available', NULL, NULL, NULL),
(5000, 137, 'K', 20, 'available', NULL, NULL, NULL),
(5001, 137, 'L', 1, 'available', NULL, NULL, NULL),
(5002, 137, 'L', 2, 'available', NULL, NULL, NULL),
(5003, 137, 'L', 3, 'available', NULL, NULL, NULL),
(5004, 137, 'L', 4, 'available', NULL, NULL, NULL),
(5005, 137, 'L', 5, 'available', NULL, NULL, NULL),
(5006, 137, 'L', 6, 'available', NULL, NULL, NULL),
(5007, 137, 'L', 7, 'available', NULL, NULL, NULL),
(5008, 137, 'L', 8, 'available', NULL, NULL, NULL),
(5009, 137, 'L', 9, 'available', NULL, NULL, NULL),
(5010, 137, 'L', 10, 'available', NULL, NULL, NULL),
(5011, 137, 'L', 11, 'available', NULL, NULL, NULL),
(5012, 137, 'L', 12, 'available', NULL, NULL, NULL),
(5013, 137, 'L', 13, 'available', NULL, NULL, NULL),
(5014, 137, 'L', 14, 'available', NULL, NULL, NULL),
(5015, 137, 'L', 15, 'available', NULL, NULL, NULL),
(5016, 137, 'L', 16, 'available', NULL, NULL, NULL),
(5017, 137, 'L', 17, 'available', NULL, NULL, NULL),
(5018, 137, 'L', 18, 'available', NULL, NULL, NULL),
(5019, 137, 'L', 19, 'available', NULL, NULL, NULL),
(5020, 137, 'L', 20, 'available', NULL, NULL, NULL),
(5021, 137, 'M', 1, 'available', NULL, NULL, NULL),
(5022, 137, 'M', 2, 'available', NULL, NULL, NULL),
(5023, 137, 'M', 3, 'available', NULL, NULL, NULL),
(5024, 137, 'M', 4, 'available', NULL, NULL, NULL),
(5025, 137, 'M', 5, 'available', NULL, NULL, NULL),
(5026, 137, 'M', 6, 'available', NULL, NULL, NULL),
(5027, 137, 'M', 7, 'available', NULL, NULL, NULL),
(5028, 137, 'M', 8, 'available', NULL, NULL, NULL),
(5029, 137, 'M', 9, 'available', NULL, NULL, NULL),
(5030, 137, 'M', 10, 'available', NULL, NULL, NULL),
(5031, 137, 'M', 11, 'available', NULL, NULL, NULL),
(5032, 137, 'M', 12, 'available', NULL, NULL, NULL),
(5033, 137, 'M', 13, 'available', NULL, NULL, NULL),
(5034, 137, 'M', 14, 'available', NULL, NULL, NULL),
(5035, 137, 'M', 15, 'available', NULL, NULL, NULL),
(5036, 137, 'M', 16, 'available', NULL, NULL, NULL),
(5037, 137, 'M', 17, 'available', NULL, NULL, NULL),
(5038, 137, 'M', 18, 'available', NULL, NULL, NULL),
(5039, 137, 'M', 19, 'available', NULL, NULL, NULL),
(5040, 137, 'M', 20, 'available', NULL, NULL, NULL),
(5041, 137, 'N', 1, 'available', NULL, NULL, NULL),
(5042, 137, 'N', 2, 'available', NULL, NULL, NULL),
(5043, 137, 'N', 3, 'available', NULL, NULL, NULL),
(5044, 137, 'N', 4, 'available', NULL, NULL, NULL),
(5045, 137, 'N', 5, 'available', NULL, NULL, NULL),
(5046, 137, 'N', 6, 'available', NULL, NULL, NULL),
(5047, 137, 'N', 7, 'available', NULL, NULL, NULL),
(5048, 137, 'N', 8, 'available', NULL, NULL, NULL),
(5049, 137, 'N', 9, 'available', NULL, NULL, NULL),
(5050, 137, 'N', 10, 'available', NULL, NULL, NULL),
(5051, 137, 'N', 11, 'available', NULL, NULL, NULL),
(5052, 137, 'N', 12, 'available', NULL, NULL, NULL),
(5053, 137, 'N', 13, 'available', NULL, NULL, NULL),
(5054, 137, 'N', 14, 'available', NULL, NULL, NULL),
(5055, 137, 'N', 15, 'available', NULL, NULL, NULL),
(5056, 137, 'N', 16, 'available', NULL, NULL, NULL),
(5057, 137, 'N', 17, 'available', NULL, NULL, NULL),
(5058, 137, 'N', 18, 'available', NULL, NULL, NULL),
(5059, 137, 'N', 19, 'available', NULL, NULL, NULL),
(5060, 137, 'N', 20, 'available', NULL, NULL, NULL),
(5061, 137, 'O', 1, 'available', NULL, NULL, NULL),
(5062, 137, 'O', 2, 'available', NULL, NULL, NULL),
(5063, 137, 'O', 3, 'available', NULL, NULL, NULL),
(5064, 137, 'O', 4, 'available', NULL, NULL, NULL),
(5065, 137, 'O', 5, 'available', NULL, NULL, NULL),
(5066, 137, 'O', 6, 'available', NULL, NULL, NULL),
(5067, 137, 'O', 7, 'available', NULL, NULL, NULL),
(5068, 137, 'O', 8, 'available', NULL, NULL, NULL),
(5069, 137, 'O', 9, 'available', NULL, NULL, NULL),
(5070, 137, 'O', 10, 'available', NULL, NULL, NULL),
(5071, 137, 'O', 11, 'available', NULL, NULL, NULL),
(5072, 137, 'O', 12, 'available', NULL, NULL, NULL),
(5073, 137, 'O', 13, 'available', NULL, NULL, NULL),
(5074, 137, 'O', 14, 'available', NULL, NULL, NULL),
(5075, 137, 'O', 15, 'available', NULL, NULL, NULL),
(5076, 137, 'O', 16, 'available', NULL, NULL, NULL),
(5077, 137, 'O', 17, 'available', NULL, NULL, NULL),
(5078, 137, 'O', 18, 'available', NULL, NULL, NULL),
(5079, 137, 'O', 19, 'available', NULL, NULL, NULL),
(5080, 137, 'O', 20, 'available', NULL, NULL, NULL),
(5081, 138, 'A', 1, 'available', NULL, NULL, NULL),
(5082, 138, 'A', 2, 'available', NULL, NULL, NULL),
(5083, 138, 'A', 3, 'available', NULL, NULL, NULL),
(5084, 138, 'A', 4, 'available', NULL, NULL, NULL),
(5085, 138, 'A', 5, 'available', NULL, NULL, NULL),
(5086, 138, 'A', 6, 'available', NULL, NULL, NULL),
(5087, 138, 'A', 7, 'available', NULL, NULL, NULL),
(5088, 138, 'A', 8, 'available', NULL, NULL, NULL),
(5089, 138, 'A', 9, 'available', NULL, NULL, NULL),
(5090, 138, 'A', 10, 'available', NULL, NULL, NULL),
(5091, 138, 'A', 11, 'available', NULL, NULL, NULL),
(5092, 138, 'A', 12, 'available', NULL, NULL, NULL),
(5093, 138, 'A', 13, 'available', NULL, NULL, NULL),
(5094, 138, 'A', 14, 'available', NULL, NULL, NULL),
(5095, 138, 'A', 15, 'available', NULL, NULL, NULL),
(5096, 138, 'A', 16, 'available', NULL, NULL, NULL),
(5097, 138, 'A', 17, 'available', NULL, NULL, NULL),
(5098, 138, 'A', 18, 'available', NULL, NULL, NULL),
(5099, 138, 'A', 19, 'available', NULL, NULL, NULL),
(5100, 138, 'A', 20, 'available', NULL, NULL, NULL),
(5101, 138, 'B', 1, 'available', NULL, NULL, NULL),
(5102, 138, 'B', 2, 'available', NULL, NULL, NULL),
(5103, 138, 'B', 3, 'available', NULL, NULL, NULL),
(5104, 138, 'B', 4, 'available', NULL, NULL, NULL),
(5105, 138, 'B', 5, 'available', NULL, NULL, NULL),
(5106, 138, 'B', 6, 'available', NULL, NULL, NULL),
(5107, 138, 'B', 7, 'available', NULL, NULL, NULL),
(5108, 138, 'B', 8, 'available', NULL, NULL, NULL),
(5109, 138, 'B', 9, 'available', NULL, NULL, NULL),
(5110, 138, 'B', 10, 'available', NULL, NULL, NULL),
(5111, 138, 'B', 11, 'available', NULL, NULL, NULL),
(5112, 138, 'B', 12, 'available', NULL, NULL, NULL),
(5113, 138, 'B', 13, 'available', NULL, NULL, NULL),
(5114, 138, 'B', 14, 'available', NULL, NULL, NULL),
(5115, 138, 'B', 15, 'available', NULL, NULL, NULL),
(5116, 138, 'B', 16, 'available', NULL, NULL, NULL),
(5117, 138, 'B', 17, 'available', NULL, NULL, NULL),
(5118, 138, 'B', 18, 'available', NULL, NULL, NULL),
(5119, 138, 'B', 19, 'available', NULL, NULL, NULL),
(5120, 138, 'B', 20, 'available', NULL, NULL, NULL),
(5121, 138, 'C', 1, 'available', NULL, NULL, NULL),
(5122, 138, 'C', 2, 'available', NULL, NULL, NULL),
(5123, 138, 'C', 3, 'available', NULL, NULL, NULL),
(5124, 138, 'C', 4, 'available', NULL, NULL, NULL),
(5125, 138, 'C', 5, 'available', NULL, NULL, NULL),
(5126, 138, 'C', 6, 'available', NULL, NULL, NULL),
(5127, 138, 'C', 7, 'available', NULL, NULL, NULL),
(5128, 138, 'C', 8, 'available', NULL, NULL, NULL),
(5129, 138, 'C', 9, 'available', NULL, NULL, NULL),
(5130, 138, 'C', 10, 'available', NULL, NULL, NULL),
(5131, 138, 'C', 11, 'available', NULL, NULL, NULL),
(5132, 138, 'C', 12, 'available', NULL, NULL, NULL),
(5133, 138, 'C', 13, 'available', NULL, NULL, NULL),
(5134, 138, 'C', 14, 'available', NULL, NULL, NULL),
(5135, 138, 'C', 15, 'available', NULL, NULL, NULL),
(5136, 138, 'C', 16, 'available', NULL, NULL, NULL),
(5137, 138, 'C', 17, 'available', NULL, NULL, NULL),
(5138, 138, 'C', 18, 'available', NULL, NULL, NULL),
(5139, 138, 'C', 19, 'available', NULL, NULL, NULL),
(5140, 138, 'C', 20, 'available', NULL, NULL, NULL),
(5141, 138, 'D', 1, 'available', NULL, NULL, NULL),
(5142, 138, 'D', 2, 'available', NULL, NULL, NULL),
(5143, 138, 'D', 3, 'available', NULL, NULL, NULL),
(5144, 138, 'D', 4, 'available', NULL, NULL, NULL),
(5145, 138, 'D', 5, 'available', NULL, NULL, NULL),
(5146, 138, 'D', 6, 'available', NULL, NULL, NULL),
(5147, 138, 'D', 7, 'available', NULL, NULL, NULL),
(5148, 138, 'D', 8, 'available', NULL, NULL, NULL),
(5149, 138, 'D', 9, 'available', NULL, NULL, NULL),
(5150, 138, 'D', 10, 'available', NULL, NULL, NULL),
(5151, 138, 'D', 11, 'available', NULL, NULL, NULL),
(5152, 138, 'D', 12, 'available', NULL, NULL, NULL),
(5153, 138, 'D', 13, 'available', NULL, NULL, NULL),
(5154, 138, 'D', 14, 'available', NULL, NULL, NULL),
(5155, 138, 'D', 15, 'available', NULL, NULL, NULL),
(5156, 138, 'D', 16, 'available', NULL, NULL, NULL),
(5157, 138, 'D', 17, 'available', NULL, NULL, NULL),
(5158, 138, 'D', 18, 'available', NULL, NULL, NULL),
(5159, 138, 'D', 19, 'available', NULL, NULL, NULL),
(5160, 138, 'D', 20, 'available', NULL, NULL, NULL),
(5161, 138, 'E', 1, 'available', NULL, NULL, NULL),
(5162, 138, 'E', 2, 'available', NULL, NULL, NULL),
(5163, 138, 'E', 3, 'available', NULL, NULL, NULL),
(5164, 138, 'E', 4, 'available', NULL, NULL, NULL),
(5165, 138, 'E', 5, 'available', NULL, NULL, NULL),
(5166, 138, 'E', 6, 'available', NULL, NULL, NULL),
(5167, 138, 'E', 7, 'available', NULL, NULL, NULL),
(5168, 138, 'E', 8, 'available', NULL, NULL, NULL),
(5169, 138, 'E', 9, 'available', NULL, NULL, NULL),
(5170, 138, 'E', 10, 'available', NULL, NULL, NULL),
(5171, 138, 'E', 11, 'available', NULL, NULL, NULL),
(5172, 138, 'E', 12, 'available', NULL, NULL, NULL),
(5173, 138, 'E', 13, 'available', NULL, NULL, NULL),
(5174, 138, 'E', 14, 'available', NULL, NULL, NULL),
(5175, 138, 'E', 15, 'available', NULL, NULL, NULL),
(5176, 138, 'E', 16, 'available', NULL, NULL, NULL),
(5177, 138, 'E', 17, 'available', NULL, NULL, NULL),
(5178, 138, 'E', 18, 'available', NULL, NULL, NULL),
(5179, 138, 'E', 19, 'available', NULL, NULL, NULL),
(5180, 138, 'E', 20, 'available', NULL, NULL, NULL),
(5181, 138, 'F', 1, 'available', NULL, NULL, NULL),
(5182, 138, 'F', 2, 'available', NULL, NULL, NULL),
(5183, 138, 'F', 3, 'available', NULL, NULL, NULL),
(5184, 138, 'F', 4, 'available', NULL, NULL, NULL),
(5185, 138, 'F', 5, 'available', NULL, NULL, NULL),
(5186, 138, 'F', 6, 'available', NULL, NULL, NULL),
(5187, 138, 'F', 7, 'available', NULL, NULL, NULL),
(5188, 138, 'F', 8, 'available', NULL, NULL, NULL),
(5189, 138, 'F', 9, 'available', NULL, NULL, NULL),
(5190, 138, 'F', 10, 'available', NULL, NULL, NULL),
(5191, 138, 'F', 11, 'available', NULL, NULL, NULL),
(5192, 138, 'F', 12, 'available', NULL, NULL, NULL),
(5193, 138, 'F', 13, 'available', NULL, NULL, NULL),
(5194, 138, 'F', 14, 'available', NULL, NULL, NULL),
(5195, 138, 'F', 15, 'available', NULL, NULL, NULL),
(5196, 138, 'F', 16, 'available', NULL, NULL, NULL),
(5197, 138, 'F', 17, 'available', NULL, NULL, NULL),
(5198, 138, 'F', 18, 'available', NULL, NULL, NULL),
(5199, 138, 'F', 19, 'available', NULL, NULL, NULL),
(5200, 138, 'F', 20, 'available', NULL, NULL, NULL),
(5201, 138, 'G', 1, 'available', NULL, NULL, NULL),
(5202, 138, 'G', 2, 'available', NULL, NULL, NULL),
(5203, 138, 'G', 3, 'available', NULL, NULL, NULL),
(5204, 138, 'G', 4, 'available', NULL, NULL, NULL),
(5205, 138, 'G', 5, 'available', NULL, NULL, NULL),
(5206, 138, 'G', 6, 'available', NULL, NULL, NULL),
(5207, 138, 'G', 7, 'available', NULL, NULL, NULL),
(5208, 138, 'G', 8, 'available', NULL, NULL, NULL),
(5209, 138, 'G', 9, 'available', NULL, NULL, NULL),
(5210, 138, 'G', 10, 'available', NULL, NULL, NULL),
(5211, 138, 'G', 11, 'available', NULL, NULL, NULL),
(5212, 138, 'G', 12, 'available', NULL, NULL, NULL),
(5213, 138, 'G', 13, 'available', NULL, NULL, NULL),
(5214, 138, 'G', 14, 'available', NULL, NULL, NULL),
(5215, 138, 'G', 15, 'available', NULL, NULL, NULL),
(5216, 138, 'G', 16, 'available', NULL, NULL, NULL),
(5217, 138, 'G', 17, 'available', NULL, NULL, NULL),
(5218, 138, 'G', 18, 'available', NULL, NULL, NULL),
(5219, 138, 'G', 19, 'available', NULL, NULL, NULL),
(5220, 138, 'G', 20, 'available', NULL, NULL, NULL),
(5221, 138, 'H', 1, 'available', NULL, NULL, NULL),
(5222, 138, 'H', 2, 'available', NULL, NULL, NULL),
(5223, 138, 'H', 3, 'available', NULL, NULL, NULL),
(5224, 138, 'H', 4, 'available', NULL, NULL, NULL),
(5225, 138, 'H', 5, 'available', NULL, NULL, NULL),
(5226, 138, 'H', 6, 'available', NULL, NULL, NULL),
(5227, 138, 'H', 7, 'available', NULL, NULL, NULL),
(5228, 138, 'H', 8, 'available', NULL, NULL, NULL),
(5229, 138, 'H', 9, 'available', NULL, NULL, NULL),
(5230, 138, 'H', 10, 'available', NULL, NULL, NULL),
(5231, 138, 'H', 11, 'available', NULL, NULL, NULL),
(5232, 138, 'H', 12, 'available', NULL, NULL, NULL),
(5233, 138, 'H', 13, 'available', NULL, NULL, NULL),
(5234, 138, 'H', 14, 'available', NULL, NULL, NULL),
(5235, 138, 'H', 15, 'available', NULL, NULL, NULL),
(5236, 138, 'H', 16, 'available', NULL, NULL, NULL),
(5237, 138, 'H', 17, 'available', NULL, NULL, NULL),
(5238, 138, 'H', 18, 'available', NULL, NULL, NULL),
(5239, 138, 'H', 19, 'available', NULL, NULL, NULL),
(5240, 138, 'H', 20, 'available', NULL, NULL, NULL),
(5241, 138, 'I', 1, 'available', NULL, NULL, NULL),
(5242, 138, 'I', 2, 'available', NULL, NULL, NULL),
(5243, 138, 'I', 3, 'available', NULL, NULL, NULL),
(5244, 138, 'I', 4, 'available', NULL, NULL, NULL),
(5245, 138, 'I', 5, 'available', NULL, NULL, NULL),
(5246, 138, 'I', 6, 'available', NULL, NULL, NULL),
(5247, 138, 'I', 7, 'available', NULL, NULL, NULL),
(5248, 138, 'I', 8, 'available', NULL, NULL, NULL),
(5249, 138, 'I', 9, 'available', NULL, NULL, NULL),
(5250, 138, 'I', 10, 'available', NULL, NULL, NULL),
(5251, 138, 'I', 11, 'available', NULL, NULL, NULL),
(5252, 138, 'I', 12, 'available', NULL, NULL, NULL),
(5253, 138, 'I', 13, 'available', NULL, NULL, NULL),
(5254, 138, 'I', 14, 'available', NULL, NULL, NULL),
(5255, 138, 'I', 15, 'available', NULL, NULL, NULL),
(5256, 138, 'I', 16, 'available', NULL, NULL, NULL),
(5257, 138, 'I', 17, 'available', NULL, NULL, NULL),
(5258, 138, 'I', 18, 'available', NULL, NULL, NULL),
(5259, 138, 'I', 19, 'available', NULL, NULL, NULL),
(5260, 138, 'I', 20, 'available', NULL, NULL, NULL),
(5261, 138, 'J', 1, 'available', NULL, NULL, NULL),
(5262, 138, 'J', 2, 'available', NULL, NULL, NULL),
(5263, 138, 'J', 3, 'available', NULL, NULL, NULL),
(5264, 138, 'J', 4, 'available', NULL, NULL, NULL),
(5265, 138, 'J', 5, 'available', NULL, NULL, NULL),
(5266, 138, 'J', 6, 'available', NULL, NULL, NULL),
(5267, 138, 'J', 7, 'available', NULL, NULL, NULL),
(5268, 138, 'J', 8, 'available', NULL, NULL, NULL),
(5269, 138, 'J', 9, 'available', NULL, NULL, NULL),
(5270, 138, 'J', 10, 'available', NULL, NULL, NULL),
(5271, 138, 'J', 11, 'available', NULL, NULL, NULL),
(5272, 138, 'J', 12, 'available', NULL, NULL, NULL),
(5273, 138, 'J', 13, 'available', NULL, NULL, NULL),
(5274, 138, 'J', 14, 'available', NULL, NULL, NULL),
(5275, 138, 'J', 15, 'available', NULL, NULL, NULL),
(5276, 138, 'J', 16, 'available', NULL, NULL, NULL),
(5277, 138, 'J', 17, 'available', NULL, NULL, NULL),
(5278, 138, 'J', 18, 'available', NULL, NULL, NULL),
(5279, 138, 'J', 19, 'available', NULL, NULL, NULL),
(5280, 138, 'J', 20, 'available', NULL, NULL, NULL),
(5281, 138, 'K', 1, 'available', NULL, NULL, NULL),
(5282, 138, 'K', 2, 'available', NULL, NULL, NULL),
(5283, 138, 'K', 3, 'available', NULL, NULL, NULL),
(5284, 138, 'K', 4, 'available', NULL, NULL, NULL),
(5285, 138, 'K', 5, 'available', NULL, NULL, NULL),
(5286, 138, 'K', 6, 'available', NULL, NULL, NULL),
(5287, 138, 'K', 7, 'available', NULL, NULL, NULL),
(5288, 138, 'K', 8, 'available', NULL, NULL, NULL),
(5289, 138, 'K', 9, 'available', NULL, NULL, NULL),
(5290, 138, 'K', 10, 'available', NULL, NULL, NULL),
(5291, 138, 'K', 11, 'available', NULL, NULL, NULL),
(5292, 138, 'K', 12, 'available', NULL, NULL, NULL),
(5293, 138, 'K', 13, 'available', NULL, NULL, NULL),
(5294, 138, 'K', 14, 'available', NULL, NULL, NULL),
(5295, 138, 'K', 15, 'available', NULL, NULL, NULL),
(5296, 138, 'K', 16, 'available', NULL, NULL, NULL),
(5297, 138, 'K', 17, 'available', NULL, NULL, NULL),
(5298, 138, 'K', 18, 'available', NULL, NULL, NULL),
(5299, 138, 'K', 19, 'available', NULL, NULL, NULL),
(5300, 138, 'K', 20, 'available', NULL, NULL, NULL),
(5301, 138, 'L', 1, 'available', NULL, NULL, NULL),
(5302, 138, 'L', 2, 'available', NULL, NULL, NULL),
(5303, 138, 'L', 3, 'available', NULL, NULL, NULL),
(5304, 138, 'L', 4, 'available', NULL, NULL, NULL),
(5305, 138, 'L', 5, 'available', NULL, NULL, NULL),
(5306, 138, 'L', 6, 'available', NULL, NULL, NULL),
(5307, 138, 'L', 7, 'available', NULL, NULL, NULL),
(5308, 138, 'L', 8, 'available', NULL, NULL, NULL),
(5309, 138, 'L', 9, 'available', NULL, NULL, NULL),
(5310, 138, 'L', 10, 'available', NULL, NULL, NULL),
(5311, 138, 'L', 11, 'available', NULL, NULL, NULL),
(5312, 138, 'L', 12, 'available', NULL, NULL, NULL),
(5313, 138, 'L', 13, 'available', NULL, NULL, NULL),
(5314, 138, 'L', 14, 'available', NULL, NULL, NULL),
(5315, 138, 'L', 15, 'available', NULL, NULL, NULL),
(5316, 138, 'L', 16, 'available', NULL, NULL, NULL),
(5317, 138, 'L', 17, 'available', NULL, NULL, NULL),
(5318, 138, 'L', 18, 'available', NULL, NULL, NULL),
(5319, 138, 'L', 19, 'available', NULL, NULL, NULL),
(5320, 138, 'L', 20, 'available', NULL, NULL, NULL),
(5321, 138, 'M', 1, 'available', NULL, NULL, NULL),
(5322, 138, 'M', 2, 'available', NULL, NULL, NULL),
(5323, 138, 'M', 3, 'available', NULL, NULL, NULL),
(5324, 138, 'M', 4, 'available', NULL, NULL, NULL),
(5325, 138, 'M', 5, 'available', NULL, NULL, NULL),
(5326, 138, 'M', 6, 'available', NULL, NULL, NULL),
(5327, 138, 'M', 7, 'available', NULL, NULL, NULL),
(5328, 138, 'M', 8, 'available', NULL, NULL, NULL),
(5329, 138, 'M', 9, 'available', NULL, NULL, NULL),
(5330, 138, 'M', 10, 'available', NULL, NULL, NULL),
(5331, 138, 'M', 11, 'available', NULL, NULL, NULL),
(5332, 138, 'M', 12, 'available', NULL, NULL, NULL),
(5333, 138, 'M', 13, 'available', NULL, NULL, NULL),
(5334, 138, 'M', 14, 'available', NULL, NULL, NULL),
(5335, 138, 'M', 15, 'available', NULL, NULL, NULL),
(5336, 138, 'M', 16, 'available', NULL, NULL, NULL),
(5337, 138, 'M', 17, 'available', NULL, NULL, NULL),
(5338, 138, 'M', 18, 'available', NULL, NULL, NULL),
(5339, 138, 'M', 19, 'available', NULL, NULL, NULL),
(5340, 138, 'M', 20, 'available', NULL, NULL, NULL),
(5341, 138, 'N', 1, 'available', NULL, NULL, NULL),
(5342, 138, 'N', 2, 'available', NULL, NULL, NULL),
(5343, 138, 'N', 3, 'available', NULL, NULL, NULL),
(5344, 138, 'N', 4, 'available', NULL, NULL, NULL),
(5345, 138, 'N', 5, 'available', NULL, NULL, NULL),
(5346, 138, 'N', 6, 'available', NULL, NULL, NULL),
(5347, 138, 'N', 7, 'available', NULL, NULL, NULL),
(5348, 138, 'N', 8, 'available', NULL, NULL, NULL),
(5349, 138, 'N', 9, 'available', NULL, NULL, NULL),
(5350, 138, 'N', 10, 'available', NULL, NULL, NULL),
(5351, 138, 'N', 11, 'available', NULL, NULL, NULL),
(5352, 138, 'N', 12, 'available', NULL, NULL, NULL),
(5353, 138, 'N', 13, 'available', NULL, NULL, NULL),
(5354, 138, 'N', 14, 'available', NULL, NULL, NULL),
(5355, 138, 'N', 15, 'available', NULL, NULL, NULL),
(5356, 138, 'N', 16, 'available', NULL, NULL, NULL),
(5357, 138, 'N', 17, 'available', NULL, NULL, NULL),
(5358, 138, 'N', 18, 'available', NULL, NULL, NULL),
(5359, 138, 'N', 19, 'available', NULL, NULL, NULL),
(5360, 138, 'N', 20, 'available', NULL, NULL, NULL),
(5361, 138, 'O', 1, 'available', NULL, NULL, NULL),
(5362, 138, 'O', 2, 'available', NULL, NULL, NULL),
(5363, 138, 'O', 3, 'available', NULL, NULL, NULL),
(5364, 138, 'O', 4, 'available', NULL, NULL, NULL),
(5365, 138, 'O', 5, 'available', NULL, NULL, NULL),
(5366, 138, 'O', 6, 'available', NULL, NULL, NULL),
(5367, 138, 'O', 7, 'available', NULL, NULL, NULL),
(5368, 138, 'O', 8, 'available', NULL, NULL, NULL),
(5369, 138, 'O', 9, 'available', NULL, NULL, NULL),
(5370, 138, 'O', 10, 'available', NULL, NULL, NULL),
(5371, 138, 'O', 11, 'available', NULL, NULL, NULL),
(5372, 138, 'O', 12, 'available', NULL, NULL, NULL),
(5373, 138, 'O', 13, 'available', NULL, NULL, NULL),
(5374, 138, 'O', 14, 'available', NULL, NULL, NULL),
(5375, 138, 'O', 15, 'available', NULL, NULL, NULL),
(5376, 138, 'O', 16, 'available', NULL, NULL, NULL),
(5377, 138, 'O', 17, 'available', NULL, NULL, NULL),
(5378, 138, 'O', 18, 'available', NULL, NULL, NULL),
(5379, 138, 'O', 19, 'available', NULL, NULL, NULL),
(5380, 138, 'O', 20, 'available', NULL, NULL, NULL);

-- --------------------------------------------------------

--
-- Estructura de tabla para la tabla `evento_asiento_zona_tipo`
--

CREATE TABLE `evento_asiento_zona_tipo` (
  `id` int(11) NOT NULL,
  `id_asiento` int(11) NOT NULL,
  `id_zona_tarifa` int(11) NOT NULL,
  `created_at` datetime NOT NULL DEFAULT current_timestamp()
) ENGINE=InnoDB DEFAULT CHARSET=utf8mb4 COLLATE=utf8mb4_unicode_ci;

--
-- Volcado de datos para la tabla `evento_asiento_zona_tipo`
--

INSERT INTO `evento_asiento_zona_tipo` (`id`, `id_asiento`, `id_zona_tarifa`, `created_at`) VALUES
(2084, 2601, 124, '2026-04-20 13:26:24'),
(2085, 2602, 123, '2026-04-20 13:26:24'),
(2086, 2603, 123, '2026-04-20 13:26:24'),
(2087, 2604, 123, '2026-04-20 13:26:24'),
(2088, 2605, 123, '2026-04-20 13:26:24'),
(2089, 2606, 123, '2026-04-20 13:26:24'),
(2090, 2607, 123, '2026-04-20 13:26:24'),
(2091, 2608, 123, '2026-04-20 13:26:24'),
(2092, 2609, 123, '2026-04-20 13:26:24'),
(2093, 2610, 124, '2026-04-20 13:26:24'),
(2094, 2611, 123, '2026-04-20 13:26:24'),
(2095, 2612, 123, '2026-04-20 13:26:24'),
(2096, 2613, 123, '2026-04-20 13:26:24'),
(2097, 2614, 123, '2026-04-20 13:26:24'),
(2098, 2615, 123, '2026-04-20 13:26:24'),
(2099, 2616, 123, '2026-04-20 13:26:24'),
(2100, 2617, 123, '2026-04-20 13:26:24'),
(2101, 2618, 123, '2026-04-20 13:26:24'),
(2102, 2619, 123, '2026-04-20 13:26:24'),
(2103, 2620, 123, '2026-04-20 13:26:24'),
(2104, 2621, 123, '2026-04-20 13:26:24'),
(2105, 2622, 123, '2026-04-20 13:26:24'),
(2106, 2623, 123, '2026-04-20 13:26:24'),
(2107, 2624, 123, '2026-04-20 13:26:24'),
(2108, 2625, 123, '2026-04-20 13:26:24'),
(2109, 2626, 123, '2026-04-20 13:26:24'),
(2110, 2627, 123, '2026-04-20 13:26:24'),
(2111, 2628, 123, '2026-04-20 13:26:24'),
(2112, 2629, 123, '2026-04-20 13:26:24'),
(2113, 2630, 123, '2026-04-20 13:26:24'),
(2114, 2631, 123, '2026-04-20 13:26:24'),
(2115, 2632, 123, '2026-04-20 13:26:24'),
(2116, 2633, 123, '2026-04-20 13:26:24'),
(2117, 2634, 123, '2026-04-20 13:26:24'),
(2118, 2635, 123, '2026-04-20 13:26:24'),
(2119, 2636, 123, '2026-04-20 13:26:24'),
(2120, 2637, 123, '2026-04-20 13:26:24'),
(2121, 2638, 123, '2026-04-20 13:26:24'),
(2122, 2639, 123, '2026-04-20 13:26:24'),
(2123, 2640, 123, '2026-04-20 13:26:24'),
(2124, 2641, 123, '2026-04-20 13:26:24'),
(2125, 2642, 123, '2026-04-20 13:26:24'),
(2126, 2643, 123, '2026-04-20 13:26:24'),
(2127, 2644, 123, '2026-04-20 13:26:24'),
(2128, 2645, 123, '2026-04-20 13:26:24'),
(2129, 2646, 123, '2026-04-20 13:26:24'),
(2130, 2647, 123, '2026-04-20 13:26:24'),
(2131, 2648, 123, '2026-04-20 13:26:24'),
(2132, 2649, 123, '2026-04-20 13:26:24'),
(2133, 2650, 123, '2026-04-20 13:26:24'),
(2134, 2651, 123, '2026-04-20 13:26:24'),
(2135, 2652, 123, '2026-04-20 13:26:24'),
(2136, 2653, 123, '2026-04-20 13:26:24'),
(2137, 2654, 123, '2026-04-20 13:26:24'),
(2138, 2655, 123, '2026-04-20 13:26:24'),
(2139, 2656, 123, '2026-04-20 13:26:24'),
(2140, 2657, 123, '2026-04-20 13:26:24'),
(2141, 2658, 123, '2026-04-20 13:26:24'),
(2142, 2659, 123, '2026-04-20 13:26:24'),
(2143, 2660, 123, '2026-04-20 13:26:24'),
(2144, 2661, 124, '2026-04-20 13:26:24'),
(2145, 2662, 123, '2026-04-20 13:26:24'),
(2146, 2663, 123, '2026-04-20 13:26:24'),
(2147, 2664, 123, '2026-04-20 13:26:24'),
(2148, 2665, 123, '2026-04-20 13:26:24'),
(2149, 2666, 123, '2026-04-20 13:26:24'),
(2150, 2667, 123, '2026-04-20 13:26:24'),
(2151, 2668, 123, '2026-04-20 13:26:24'),
(2152, 2669, 123, '2026-04-20 13:26:24'),
(2153, 2670, 124, '2026-04-20 13:26:24'),
(2154, 2671, 123, '2026-04-20 13:26:24'),
(2155, 2672, 123, '2026-04-20 13:26:24'),
(2156, 2673, 123, '2026-04-20 13:26:24'),
(2157, 2674, 123, '2026-04-20 13:26:24'),
(2158, 2675, 123, '2026-04-20 13:26:24'),
(2159, 2676, 123, '2026-04-20 13:26:24'),
(2160, 2677, 123, '2026-04-20 13:26:24'),
(2161, 2678, 123, '2026-04-20 13:26:24'),
(2162, 2679, 123, '2026-04-20 13:26:24'),
(2163, 2680, 123, '2026-04-20 13:26:24'),
(2464, 4181, 136, '2026-04-20 13:59:16'),
(2465, 4182, 138, '2026-04-20 13:59:16'),
(2466, 4183, 138, '2026-04-20 13:59:16'),
(2467, 4184, 138, '2026-04-20 13:59:16'),
(2468, 4185, 138, '2026-04-20 13:59:16'),
(2469, 4186, 138, '2026-04-20 13:59:16'),
(2470, 4187, 138, '2026-04-20 13:59:16'),
(2471, 4188, 138, '2026-04-20 13:59:16'),
(2472, 4189, 136, '2026-04-20 13:59:16'),
(2473, 4190, 136, '2026-04-20 13:59:16'),
(2474, 4191, 136, '2026-04-20 13:59:16'),
(2475, 4192, 138, '2026-04-20 13:59:16'),
(2476, 4193, 138, '2026-04-20 13:59:16'),
(2477, 4194, 138, '2026-04-20 13:59:16'),
(2478, 4195, 138, '2026-04-20 13:59:16'),
(2479, 4196, 138, '2026-04-20 13:59:16'),
(2480, 4197, 138, '2026-04-20 13:59:16'),
(2481, 4198, 138, '2026-04-20 13:59:16'),
(2482, 4199, 138, '2026-04-20 13:59:16'),
(2483, 4200, 136, '2026-04-20 13:59:16'),
(2484, 4201, 135, '2026-04-20 13:59:16'),
(2485, 4202, 137, '2026-04-20 13:59:16'),
(2486, 4203, 137, '2026-04-20 13:59:16'),
(2487, 4204, 137, '2026-04-20 13:59:16'),
(2488, 4205, 137, '2026-04-20 13:59:16'),
(2489, 4206, 137, '2026-04-20 13:59:16'),
(2490, 4207, 137, '2026-04-20 13:59:16'),
(2491, 4208, 137, '2026-04-20 13:59:16'),
(2492, 4209, 137, '2026-04-20 13:59:16'),
(2493, 4210, 137, '2026-04-20 13:59:16'),
(2494, 4211, 137, '2026-04-20 13:59:16'),
(2495, 4212, 137, '2026-04-20 13:59:16'),
(2496, 4213, 137, '2026-04-20 13:59:16'),
(2497, 4214, 137, '2026-04-20 13:59:16'),
(2498, 4215, 137, '2026-04-20 13:59:16'),
(2499, 4216, 137, '2026-04-20 13:59:16'),
(2500, 4217, 137, '2026-04-20 13:59:16'),
(2501, 4218, 137, '2026-04-20 13:59:16'),
(2502, 4219, 137, '2026-04-20 13:59:16'),
(2503, 4220, 135, '2026-04-20 13:59:16'),
(2504, 4221, 135, '2026-04-20 13:59:16'),
(2505, 4222, 135, '2026-04-20 13:59:16'),
(2506, 4223, 135, '2026-04-20 13:59:16'),
(2507, 4224, 135, '2026-04-20 13:59:16'),
(2508, 4225, 135, '2026-04-20 13:59:16'),
(2509, 4226, 135, '2026-04-20 13:59:16'),
(2510, 4227, 135, '2026-04-20 13:59:16'),
(2511, 4228, 135, '2026-04-20 13:59:16'),
(2512, 4229, 135, '2026-04-20 13:59:16'),
(2513, 4230, 135, '2026-04-20 13:59:16'),
(2514, 4231, 135, '2026-04-20 13:59:16'),
(2515, 4232, 135, '2026-04-20 13:59:16'),
(2516, 4233, 135, '2026-04-20 13:59:16'),
(2517, 4234, 135, '2026-04-20 13:59:16'),
(2518, 4235, 135, '2026-04-20 13:59:16'),
(2519, 4236, 135, '2026-04-20 13:59:16'),
(2520, 4237, 135, '2026-04-20 13:59:16'),
(2521, 4238, 135, '2026-04-20 13:59:16'),
(2522, 4239, 135, '2026-04-20 13:59:16'),
(2523, 4240, 135, '2026-04-20 13:59:16'),
(2524, 4241, 135, '2026-04-20 13:59:16'),
(2525, 4242, 135, '2026-04-20 13:59:16'),
(2526, 4243, 135, '2026-04-20 13:59:16'),
(2527, 4244, 135, '2026-04-20 13:59:16'),
(2528, 4245, 135, '2026-04-20 13:59:16'),
(2529, 4246, 135, '2026-04-20 13:59:16'),
(2530, 4247, 135, '2026-04-20 13:59:16'),
(2531, 4248, 135, '2026-04-20 13:59:16'),
(2532, 4249, 135, '2026-04-20 13:59:16'),
(2533, 4250, 135, '2026-04-20 13:59:16'),
(2534, 4251, 135, '2026-04-20 13:59:16'),
(2535, 4252, 135, '2026-04-20 13:59:16'),
(2536, 4253, 135, '2026-04-20 13:59:16'),
(2537, 4254, 135, '2026-04-20 13:59:16'),
(2538, 4255, 135, '2026-04-20 13:59:16'),
(2539, 4256, 135, '2026-04-20 13:59:16'),
(2540, 4257, 135, '2026-04-20 13:59:16'),
(2541, 4258, 135, '2026-04-20 13:59:16'),
(2542, 4259, 135, '2026-04-20 13:59:16'),
(2543, 4260, 135, '2026-04-20 13:59:16'),
(2544, 4261, 135, '2026-04-20 13:59:16'),
(2545, 4262, 135, '2026-04-20 13:59:16'),
(2546, 4263, 135, '2026-04-20 13:59:16'),
(2547, 4264, 135, '2026-04-20 13:59:16'),
(2548, 4265, 135, '2026-04-20 13:59:16'),
(2549, 4266, 135, '2026-04-20 13:59:16'),
(2550, 4267, 135, '2026-04-20 13:59:16'),
(2551, 4268, 135, '2026-04-20 13:59:16'),
(2552, 4269, 135, '2026-04-20 13:59:16'),
(2553, 4270, 135, '2026-04-20 13:59:16'),
(2554, 4271, 135, '2026-04-20 13:59:16'),
(2555, 4272, 135, '2026-04-20 13:59:16'),
(2556, 4273, 135, '2026-04-20 13:59:16'),
(2557, 4274, 135, '2026-04-20 13:59:16'),
(2558, 4275, 135, '2026-04-20 13:59:16'),
(2559, 4276, 135, '2026-04-20 13:59:16'),
(2560, 4277, 135, '2026-04-20 13:59:16'),
(2561, 4278, 135, '2026-04-20 13:59:16'),
(2562, 4279, 135, '2026-04-20 13:59:16'),
(2563, 4280, 135, '2026-04-20 13:59:16'),
(2564, 4281, 135, '2026-04-20 13:59:16'),
(2565, 4282, 135, '2026-04-20 13:59:16'),
(2566, 4283, 135, '2026-04-20 13:59:16'),
(2567, 4284, 135, '2026-04-20 13:59:16'),
(2568, 4285, 135, '2026-04-20 13:59:16'),
(2569, 4286, 135, '2026-04-20 13:59:16'),
(2570, 4287, 135, '2026-04-20 13:59:16'),
(2571, 4288, 135, '2026-04-20 13:59:16'),
(2572, 4289, 135, '2026-04-20 13:59:16'),
(2573, 4290, 135, '2026-04-20 13:59:16'),
(2574, 4291, 135, '2026-04-20 13:59:16'),
(2575, 4292, 135, '2026-04-20 13:59:16'),
(2576, 4293, 135, '2026-04-20 13:59:16'),
(2577, 4294, 135, '2026-04-20 13:59:16'),
(2578, 4295, 135, '2026-04-20 13:59:16'),
(2579, 4296, 135, '2026-04-20 13:59:16'),
(2580, 4297, 135, '2026-04-20 13:59:16'),
(2581, 4298, 135, '2026-04-20 13:59:16'),
(2582, 4299, 135, '2026-04-20 13:59:16'),
(2583, 4300, 135, '2026-04-20 13:59:16'),
(2584, 4301, 135, '2026-04-20 13:59:16'),
(2585, 4302, 135, '2026-04-20 13:59:16'),
(2586, 4303, 135, '2026-04-20 13:59:16'),
(2587, 4304, 135, '2026-04-20 13:59:16'),
(2588, 4305, 135, '2026-04-20 13:59:16'),
(2589, 4306, 135, '2026-04-20 13:59:16'),
(2590, 4307, 135, '2026-04-20 13:59:16'),
(2591, 4308, 135, '2026-04-20 13:59:16'),
(2592, 4309, 135, '2026-04-20 13:59:16'),
(2593, 4310, 135, '2026-04-20 13:59:16'),
(2594, 4311, 135, '2026-04-20 13:59:16'),
(2595, 4312, 135, '2026-04-20 13:59:16'),
(2596, 4313, 135, '2026-04-20 13:59:16'),
(2597, 4314, 135, '2026-04-20 13:59:16'),
(2598, 4315, 135, '2026-04-20 13:59:16'),
(2599, 4316, 135, '2026-04-20 13:59:16'),
(2600, 4317, 135, '2026-04-20 13:59:16'),
(2601, 4318, 135, '2026-04-20 13:59:16'),
(2602, 4319, 135, '2026-04-20 13:59:16'),
(2603, 4320, 135, '2026-04-20 13:59:16'),
(2604, 4321, 135, '2026-04-20 13:59:16'),
(2605, 4322, 135, '2026-04-20 13:59:16'),
(2606, 4323, 135, '2026-04-20 13:59:16'),
(2607, 4324, 135, '2026-04-20 13:59:16'),
(2608, 4325, 135, '2026-04-20 13:59:16'),
(2609, 4326, 135, '2026-04-20 13:59:16'),
(2610, 4327, 135, '2026-04-20 13:59:16'),
(2611, 4328, 135, '2026-04-20 13:59:16'),
(2612, 4329, 135, '2026-04-20 13:59:16'),
(2613, 4330, 135, '2026-04-20 13:59:16'),
(2614, 4331, 135, '2026-04-20 13:59:16'),
(2615, 4332, 135, '2026-04-20 13:59:16'),
(2616, 4333, 135, '2026-04-20 13:59:16'),
(2617, 4334, 135, '2026-04-20 13:59:16'),
(2618, 4335, 135, '2026-04-20 13:59:16'),
(2619, 4336, 135, '2026-04-20 13:59:16'),
(2620, 4337, 135, '2026-04-20 13:59:16'),
(2621, 4338, 135, '2026-04-20 13:59:16'),
(2622, 4339, 135, '2026-04-20 13:59:16'),
(2623, 4340, 135, '2026-04-20 13:59:16'),
(2624, 4341, 135, '2026-04-20 13:59:16'),
(2625, 4342, 135, '2026-04-20 13:59:16'),
(2626, 4343, 135, '2026-04-20 13:59:16'),
(2627, 4344, 135, '2026-04-20 13:59:16'),
(2628, 4345, 135, '2026-04-20 13:59:16'),
(2629, 4346, 135, '2026-04-20 13:59:16'),
(2630, 4347, 135, '2026-04-20 13:59:16'),
(2631, 4348, 135, '2026-04-20 13:59:16'),
(2632, 4349, 135, '2026-04-20 13:59:16'),
(2633, 4350, 135, '2026-04-20 13:59:16'),
(2634, 4351, 135, '2026-04-20 13:59:16'),
(2635, 4352, 135, '2026-04-20 13:59:16'),
(2636, 4353, 135, '2026-04-20 13:59:16'),
(2637, 4354, 135, '2026-04-20 13:59:16'),
(2638, 4355, 135, '2026-04-20 13:59:16'),
(2639, 4356, 135, '2026-04-20 13:59:16'),
(2640, 4357, 135, '2026-04-20 13:59:16'),
(2641, 4358, 135, '2026-04-20 13:59:16'),
(2642, 4359, 135, '2026-04-20 13:59:16'),
(2643, 4360, 135, '2026-04-20 13:59:16'),
(2644, 4361, 135, '2026-04-20 13:59:16'),
(2645, 4362, 135, '2026-04-20 13:59:16'),
(2646, 4363, 135, '2026-04-20 13:59:16'),
(2647, 4364, 135, '2026-04-20 13:59:16'),
(2648, 4365, 135, '2026-04-20 13:59:16'),
(2649, 4366, 135, '2026-04-20 13:59:16'),
(2650, 4367, 135, '2026-04-20 13:59:16'),
(2651, 4368, 135, '2026-04-20 13:59:16'),
(2652, 4369, 135, '2026-04-20 13:59:16'),
(2653, 4370, 135, '2026-04-20 13:59:16'),
(2654, 4371, 135, '2026-04-20 13:59:16'),
(2655, 4372, 135, '2026-04-20 13:59:16'),
(2656, 4373, 135, '2026-04-20 13:59:16'),
(2657, 4374, 135, '2026-04-20 13:59:16'),
(2658, 4375, 135, '2026-04-20 13:59:16'),
(2659, 4376, 135, '2026-04-20 13:59:16'),
(2660, 4377, 135, '2026-04-20 13:59:16'),
(2661, 4378, 135, '2026-04-20 13:59:16'),
(2662, 4379, 135, '2026-04-20 13:59:16'),
(2663, 4380, 135, '2026-04-20 13:59:16'),
(2664, 4381, 135, '2026-04-20 13:59:16'),
(2665, 4382, 135, '2026-04-20 13:59:16'),
(2666, 4383, 135, '2026-04-20 13:59:16'),
(2667, 4384, 135, '2026-04-20 13:59:16'),
(2668, 4385, 135, '2026-04-20 13:59:16'),
(2669, 4386, 135, '2026-04-20 13:59:16'),
(2670, 4387, 135, '2026-04-20 13:59:16'),
(2671, 4388, 135, '2026-04-20 13:59:16'),
(2672, 4389, 135, '2026-04-20 13:59:16'),
(2673, 4390, 135, '2026-04-20 13:59:16'),
(2674, 4391, 135, '2026-04-20 13:59:16'),
(2675, 4392, 135, '2026-04-20 13:59:16'),
(2676, 4393, 135, '2026-04-20 13:59:16'),
(2677, 4394, 135, '2026-04-20 13:59:16'),
(2678, 4395, 135, '2026-04-20 13:59:16'),
(2679, 4396, 135, '2026-04-20 13:59:16'),
(2680, 4397, 135, '2026-04-20 13:59:16'),
(2681, 4398, 135, '2026-04-20 13:59:16'),
(2682, 4399, 135, '2026-04-20 13:59:16'),
(2683, 4400, 135, '2026-04-20 13:59:16'),
(2684, 4401, 135, '2026-04-20 13:59:16'),
(2685, 4402, 135, '2026-04-20 13:59:16'),
(2686, 4403, 135, '2026-04-20 13:59:16'),
(2687, 4404, 135, '2026-04-20 13:59:16'),
(2688, 4405, 135, '2026-04-20 13:59:16'),
(2689, 4406, 135, '2026-04-20 13:59:16'),
(2690, 4407, 135, '2026-04-20 13:59:16'),
(2691, 4408, 135, '2026-04-20 13:59:16'),
(2692, 4409, 135, '2026-04-20 13:59:16'),
(2693, 4410, 135, '2026-04-20 13:59:16'),
(2694, 4411, 135, '2026-04-20 13:59:16'),
(2695, 4412, 135, '2026-04-20 13:59:16'),
(2696, 4413, 135, '2026-04-20 13:59:16'),
(2697, 4414, 135, '2026-04-20 13:59:16'),
(2698, 4415, 135, '2026-04-20 13:59:16'),
(2699, 4416, 135, '2026-04-20 13:59:16'),
(2700, 4417, 135, '2026-04-20 13:59:16'),
(2701, 4418, 135, '2026-04-20 13:59:16'),
(2702, 4419, 135, '2026-04-20 13:59:16'),
(2703, 4420, 135, '2026-04-20 13:59:16'),
(2704, 4421, 135, '2026-04-20 13:59:16'),
(2705, 4422, 135, '2026-04-20 13:59:16'),
(2706, 4423, 135, '2026-04-20 13:59:16'),
(2707, 4424, 135, '2026-04-20 13:59:16'),
(2708, 4425, 135, '2026-04-20 13:59:16'),
(2709, 4426, 135, '2026-04-20 13:59:16'),
(2710, 4427, 135, '2026-04-20 13:59:16'),
(2711, 4428, 135, '2026-04-20 13:59:16'),
(2712, 4429, 135, '2026-04-20 13:59:16'),
(2713, 4430, 135, '2026-04-20 13:59:16'),
(2714, 4431, 135, '2026-04-20 13:59:16'),
(2715, 4432, 135, '2026-04-20 13:59:16'),
(2716, 4433, 135, '2026-04-20 13:59:16'),
(2717, 4434, 135, '2026-04-20 13:59:16'),
(2718, 4435, 135, '2026-04-20 13:59:16'),
(2719, 4436, 135, '2026-04-20 13:59:16'),
(2720, 4437, 135, '2026-04-20 13:59:16'),
(2721, 4438, 135, '2026-04-20 13:59:16'),
(2722, 4439, 135, '2026-04-20 13:59:16'),
(2723, 4440, 135, '2026-04-20 13:59:16'),
(2724, 4441, 135, '2026-04-20 13:59:16'),
(2725, 4442, 135, '2026-04-20 13:59:16'),
(2726, 4443, 135, '2026-04-20 13:59:16'),
(2727, 4444, 135, '2026-04-20 13:59:16'),
(2728, 4445, 135, '2026-04-20 13:59:16'),
(2729, 4446, 135, '2026-04-20 13:59:16'),
(2730, 4447, 135, '2026-04-20 13:59:16'),
(2731, 4448, 135, '2026-04-20 13:59:16'),
(2732, 4449, 135, '2026-04-20 13:59:16'),
(2733, 4450, 135, '2026-04-20 13:59:16'),
(2734, 4451, 135, '2026-04-20 13:59:16'),
(2735, 4452, 135, '2026-04-20 13:59:16'),
(2736, 4453, 135, '2026-04-20 13:59:16'),
(2737, 4454, 135, '2026-04-20 13:59:16'),
(2738, 4455, 135, '2026-04-20 13:59:16'),
(2739, 4456, 135, '2026-04-20 13:59:16'),
(2740, 4457, 135, '2026-04-20 13:59:16'),
(2741, 4458, 135, '2026-04-20 13:59:16'),
(2742, 4459, 135, '2026-04-20 13:59:16'),
(2743, 4460, 135, '2026-04-20 13:59:16'),
(2744, 4461, 135, '2026-04-20 13:59:16'),
(2745, 4462, 135, '2026-04-20 13:59:16'),
(2746, 4463, 135, '2026-04-20 13:59:16'),
(2747, 4464, 135, '2026-04-20 13:59:16'),
(2748, 4465, 135, '2026-04-20 13:59:16'),
(2749, 4466, 135, '2026-04-20 13:59:16'),
(2750, 4467, 135, '2026-04-20 13:59:16'),
(2751, 4468, 135, '2026-04-20 13:59:16'),
(2752, 4469, 135, '2026-04-20 13:59:16'),
(2753, 4470, 135, '2026-04-20 13:59:16'),
(2754, 4471, 135, '2026-04-20 13:59:16'),
(2755, 4472, 135, '2026-04-20 13:59:16'),
(2756, 4473, 135, '2026-04-20 13:59:16'),
(2757, 4474, 135, '2026-04-20 13:59:16'),
(2758, 4475, 135, '2026-04-20 13:59:16'),
(2759, 4476, 135, '2026-04-20 13:59:16'),
(2760, 4477, 135, '2026-04-20 13:59:16'),
(2761, 4478, 135, '2026-04-20 13:59:16'),
(2762, 4479, 135, '2026-04-20 13:59:16'),
(2763, 4480, 135, '2026-04-20 13:59:16');

-- --------------------------------------------------------

--
-- Estructura de tabla para la tabla `evento_resenas`
--

CREATE TABLE `evento_resenas` (
  `id` int(11) NOT NULL,
  `idevento` int(11) NOT NULL,
  `idusuario` int(11) NOT NULL,
  `estrellas` tinyint(4) NOT NULL COMMENT '1–5',
  `comentario` text DEFAULT NULL,
  `oculto` tinyint(1) NOT NULL DEFAULT 0 COMMENT '1 = moderado / no visible en público',
  `creado_en` timestamp NULL DEFAULT current_timestamp()
) ENGINE=InnoDB DEFAULT CHARSET=utf8mb4 COLLATE=utf8mb4_unicode_ci;

--
-- Volcado de datos para la tabla `evento_resenas`
--

INSERT INTO `evento_resenas` (`id`, `idevento`, `idusuario`, `estrellas`, `comentario`, `oculto`, `creado_en`) VALUES
(1, 47, 22, 5, 'Alpha con hasta la muerte', 0, '2026-04-20 21:41:19');

-- --------------------------------------------------------

--
-- Estructura de tabla para la tabla `evento_zonas`
--

CREATE TABLE `evento_zonas` (
  `id` int(11) NOT NULL,
  `idevento` int(11) NOT NULL,
  `nombre_seccion` varchar(120) NOT NULL,
  `descripcion_zona` text DEFAULT NULL,
  `precio` decimal(12,2) NOT NULL,
  `capacidad` int(11) NOT NULL,
  `boletos_vendidos` int(11) NOT NULL DEFAULT 0,
  `limite_por_transaccion` int(11) DEFAULT NULL COMMENT 'NULL = usar límite del evento',
  `orden` int(11) NOT NULL DEFAULT 0,
  `pos_x` decimal(5,2) DEFAULT NULL COMMENT 'Hotspot horizontal % (clonado o manual)',
  `pos_y` decimal(5,2) DEFAULT NULL COMMENT 'Hotspot vertical % (clonado o manual)',
  `usa_mapa_asientos` tinyint(1) NOT NULL DEFAULT 0 COMMENT '1 = venta por butaca numerada',
  `mapa_filas` smallint(5) UNSIGNED DEFAULT NULL COMMENT 'número de filas (ej. 8 → A–H)',
  `mapa_columnas` smallint(5) UNSIGNED DEFAULT NULL COMMENT 'asientos por fila (ej. 10)'
) ENGINE=InnoDB DEFAULT CHARSET=utf8mb4 COLLATE=utf8mb4_unicode_ci;

--
-- Volcado de datos para la tabla `evento_zonas`
--

INSERT INTO `evento_zonas` (`id`, `idevento`, `nombre_seccion`, `descripcion_zona`, `precio`, `capacidad`, `boletos_vendidos`, `limite_por_transaccion`, `orden`, `pos_x`, `pos_y`, `usa_mapa_asientos`, `mapa_filas`, `mapa_columnas`) VALUES
(11, 9, 'GENERAL', 'prueba', 5000.00, 1500, 0, 100, 0, NULL, NULL, 0, NULL, NULL),
(123, 42, 'GENERAL', 'Zona general para ver el arte', 200.00, 80, 0, NULL, 0, NULL, NULL, 1, 8, 10),
(124, 42, 'VIP', 'Zona en el mejor lugar para admirar todo del evento', 500.00, 80, 0, NULL, 1, NULL, NULL, 1, 8, 10),
(125, 43, 'GRADAS', NULL, 100.00, 120, 0, NULL, 0, NULL, NULL, 1, 10, 12),
(129, 45, 'GENERAL', NULL, 200.00, 80, 0, NULL, 0, NULL, NULL, 1, 8, 10),
(130, 46, 'GRADAS', NULL, 100.00, 80, 0, NULL, 0, NULL, NULL, 1, 8, 10),
(131, 47, 'GENERAL', NULL, 130.00, 80, 1, NULL, 0, NULL, NULL, 0, NULL, NULL),
(133, 49, 'GENERAL', NULL, 200.00, 80, 0, NULL, 0, NULL, NULL, 1, 8, 10),
(134, 48, 'GENERAL', NULL, 100000.00, 80, 0, NULL, 0, NULL, NULL, 1, 8, 10),
(135, 50, 'GENERAL', NULL, 100.00, 300, 7, NULL, 0, NULL, NULL, 1, 15, 20),
(136, 50, 'VIP', NULL, 200.00, 300, 1, NULL, 1, NULL, NULL, 1, 15, 20),
(137, 50, 'GRADAS', NULL, 300.00, 300, 1, NULL, 2, NULL, NULL, 1, 15, 20),
(138, 50, 'Pase de batalla', NULL, 500.00, 300, 1, NULL, 3, NULL, NULL, 1, 15, 20);

-- --------------------------------------------------------

--
-- Estructura de tabla para la tabla `logs_actividad`
--

CREATE TABLE `logs_actividad` (
  `id` int(11) NOT NULL,
  `usuario_id` int(11) DEFAULT NULL,
  `accion` varchar(100) NOT NULL,
  `detalles` text DEFAULT NULL,
  `fecha` datetime DEFAULT current_timestamp()
) ENGINE=InnoDB DEFAULT CHARSET=utf8mb4 COLLATE=utf8mb4_general_ci;

--
-- Volcado de datos para la tabla `logs_actividad`
--

INSERT INTO `logs_actividad` (`id`, `usuario_id`, `accion`, `detalles`, `fecha`) VALUES
(1, 2, 'Login', 'Inicio de sesión: Kevin@gmail123', '2026-03-26 23:42:11'),
(2, 5, 'Login', 'Inicio de sesión: kevin@gmail.com', '2026-03-26 23:42:56'),
(3, 2, 'Login', 'Inicio de sesión: Kevin@gmail123', '2026-03-27 15:44:43'),
(4, 5, 'Login', 'Inicio de sesión: Kevin@gmail.com', '2026-03-27 15:45:55'),
(5, 5, 'Login', 'Inicio de sesión: Kevin@gmail.com', '2026-03-27 15:48:41'),
(6, 5, 'Login', 'Inicio de sesión: Kevin@gmail.com', '2026-03-27 17:42:23'),
(7, 5, 'Login', 'Inicio de sesión: Kevin@gmail.com', '2026-03-27 17:44:47'),
(8, 1, 'Login', 'Inicio de sesión: Kevin.maringlez@gmail.com', '2026-03-27 17:45:41'),
(9, 2, 'Login', 'Inicio de sesión: Kevin@gmail123', '2026-03-27 17:48:22'),
(10, 5, 'Login', 'Inicio de sesión: Kevin@gmail.com', '2026-04-01 07:16:46');

-- --------------------------------------------------------

--
-- Estructura de tabla para la tabla `ordenes`
--

CREATE TABLE `ordenes` (
  `id` int(11) NOT NULL,
  `idusuario` int(11) NOT NULL,
  `idevento` int(11) DEFAULT NULL,
  `fecha` datetime DEFAULT current_timestamp(),
  `total` decimal(10,2) NOT NULL,
  `estado` enum('pendiente','completada','cancelada') DEFAULT 'completada',
  `idzona` int(11) DEFAULT NULL COMMENT 'evento_zonas.id; NULL si evento sin zonas',
  `cantidad_boletos` int(11) NOT NULL DEFAULT 1,
  `mp_preference_id` varchar(64) DEFAULT NULL,
  `seat_ids_json` text DEFAULT NULL COMMENT 'JSON array de ids evento_asientos (held hasta aprobar pago)'
) ENGINE=InnoDB DEFAULT CHARSET=utf8mb4 COLLATE=utf8mb4_general_ci;

--
-- Volcado de datos para la tabla `ordenes`
--

INSERT INTO `ordenes` (`id`, `idusuario`, `idevento`, `fecha`, `total`, `estado`, `idzona`, `cantidad_boletos`, `mp_preference_id`, `seat_ids_json`) VALUES
(5, 22, 50, '2026-04-20 14:04:33', 1100.00, 'completada', 136, 4, '3330257165-9c73bc5e-ac3a-4f26-829a-ed3183efc40b', '[4181,4182,4201,4202]'),
(6, 22, 50, '2026-04-20 14:04:58', 500.00, 'pendiente', 138, 1, '3330257165-14049f4e-dcf8-4592-b148-ea8b06fba387', '[4183]'),
(7, 22, 47, '2026-04-20 14:38:07', 130.00, 'completada', 131, 1, '3330257165-6610d0c8-b411-4ece-93a0-923ffa79da4c', NULL),
(8, 22, 49, '2026-04-20 14:55:22', 200.00, 'pendiente', 133, 1, '3330257165-7988a430-e3d3-4f37-a061-2a57af4110f9', '[4021]'),
(9, 22, 49, '2026-04-20 15:02:43', 200.00, 'pendiente', 133, 1, '3330257165-c1f3b14b-2b68-42dc-9c61-c08b01394ed8', '[4022]'),
(10, 22, 49, '2026-04-20 15:06:00', 200.00, 'pendiente', 133, 1, '3330257165-4629b530-5a08-4557-b64a-4e902b2d810e', '[4023]'),
(11, 22, 49, '2026-04-20 15:08:10', 200.00, 'cancelada', 133, 1, NULL, '[4024]'),
(12, 22, 49, '2026-04-20 15:08:14', 200.00, 'cancelada', 133, 1, NULL, '[4024]'),
(13, 22, 49, '2026-04-20 15:11:05', 200.00, 'cancelada', 133, 1, NULL, '[4024]'),
(14, 22, 49, '2026-04-20 15:11:43', 200.00, 'pendiente', 133, 1, '3330257165-d8875e7d-0b2a-4a96-871c-89239fe1b588', '[4024]'),
(15, 22, 49, '2026-04-20 15:12:07', 200.00, 'pendiente', 133, 1, '3330257165-45dddb69-65ab-413f-b413-95d2814a86b3', '[4025]'),
(16, 22, 49, '2026-04-20 15:14:33', 200.00, 'pendiente', 133, 1, '3330257165-79e01fd1-c20f-4b76-ae6b-99fa2ea1bef2', '[4026]'),
(17, 22, 49, '2026-04-20 15:16:58', 200.00, 'pendiente', 133, 1, '3330257165-617b2a35-826b-4b5e-a415-27ee1fb99e93', '[4027]'),
(18, 22, 49, '2026-04-20 15:19:18', 200.00, 'pendiente', 133, 1, '3330257165-5c7004c8-780a-47b5-a12e-49b8936297f9', '[4028]'),
(19, 22, 49, '2026-04-20 15:22:18', 200.00, 'pendiente', 133, 1, '3330257165-feb72be7-a86d-492c-a7d6-83eed8055ef2', '[4029]'),
(20, 22, 49, '2026-04-20 15:25:33', 200.00, 'pendiente', 133, 1, '3330257165-7a9b010c-1755-4e88-87ca-eec0677e210b', '[4030]'),
(21, 22, 49, '2026-04-20 15:26:07', 200.00, 'pendiente', 133, 1, '3330257165-6dda9696-45a8-490e-8b09-1f71cc570edc', '[4031]'),
(22, 22, 49, '2026-04-20 15:35:18', 200.00, 'pendiente', 133, 1, NULL, '[4032]'),
(23, 22, 49, '2026-04-20 15:35:23', 200.00, 'pendiente', 133, 1, '3330257165-f7e289a1-e751-44fd-b9f5-d9c703850fac', '[4033]'),
(24, 22, 49, '2026-04-20 15:38:52', 400.00, 'pendiente', 133, 2, '3330257165-e92b6302-542c-4d1d-8718-bc25fa9d5239', '[4034,4035]'),
(25, 22, 49, '2026-04-20 15:39:30', 400.00, 'pendiente', 133, 2, '3330257165-cc68e3a8-f179-4007-ad53-c205f8a00677', '[4036,4037]'),
(26, 22, 49, '2026-04-20 15:40:46', 200.00, 'pendiente', 133, 1, '3330257165-5b2bfb5c-f684-4b5e-801e-3947e3882fd2', '[4038]'),
(27, 22, 50, '2026-04-20 16:06:38', 300.00, 'completada', 135, 3, '3330257165-a80e61e5-84eb-45f6-bc98-37e5131ee159', '[4221,4222,4223]'),
(28, 22, 50, '2026-04-20 16:11:24', 100.00, 'completada', 135, 1, '3330257165-e9539db0-3c77-4278-bd5c-90efbd2db658', '[4247]'),
(29, 22, 50, '2026-04-20 19:44:06', 100.00, 'pendiente', 135, 1, '3330257165-68e51b5f-98ca-4c40-882d-58cacefcf549', '[4224]'),
(30, 22, 50, '2026-04-20 19:44:40', 100.00, 'completada', 135, 1, '3330257165-71ea078f-299f-46f1-935e-fc2a1ea2c899', '[4225]'),
(31, 22, 50, '2026-04-20 19:59:31', 100.00, 'completada', 135, 1, '3330257165-0657a010-24bf-4867-8dc3-7ad564f18413', '[4235]');

-- --------------------------------------------------------

--
-- Estructura de tabla para la tabla `pagos`
--

CREATE TABLE `pagos` (
  `id` int(11) NOT NULL,
  `idorden` int(11) NOT NULL,
  `metodo` varchar(50) DEFAULT NULL,
  `monto` decimal(10,2) DEFAULT NULL,
  `estado` enum('pendiente','aprobado','rechazado') DEFAULT 'pendiente',
  `transaccionid` varchar(100) DEFAULT NULL,
  `fecha` datetime DEFAULT current_timestamp(),
  `mp_payment_id` varchar(64) DEFAULT NULL,
  `mp_status_detail` varchar(128) DEFAULT NULL,
  `comision_plataforma` decimal(12,2) DEFAULT NULL COMMENT 'Estimado interno al aprobar',
  `reembolsado_at` datetime DEFAULT NULL
) ENGINE=InnoDB DEFAULT CHARSET=utf8mb4 COLLATE=utf8mb4_general_ci;

--
-- Volcado de datos para la tabla `pagos`
--

INSERT INTO `pagos` (`id`, `idorden`, `metodo`, `monto`, `estado`, `transaccionid`, `fecha`, `mp_payment_id`, `mp_status_detail`, `comision_plataforma`, `reembolsado_at`) VALUES
(5, 5, 'tarjeta', 1100.00, 'aprobado', NULL, '2026-04-20 14:04:33', 'demo_5_1776719075926', 'demo_auto_approved', NULL, NULL),
(6, 6, 'tarjeta', 500.00, 'pendiente', NULL, '2026-04-20 14:04:58', NULL, NULL, NULL, NULL),
(7, 7, 'tarjeta', 130.00, 'aprobado', NULL, '2026-04-20 14:38:07', 'demo_7_1776721100885', 'demo_auto_approved', NULL, NULL),
(8, 8, 'tarjeta', 200.00, 'pendiente', NULL, '2026-04-20 14:55:22', NULL, NULL, NULL, NULL),
(9, 9, 'tarjeta', 200.00, 'pendiente', NULL, '2026-04-20 15:02:43', NULL, NULL, NULL, NULL),
(10, 10, 'tarjeta', 200.00, 'pendiente', NULL, '2026-04-20 15:06:00', NULL, NULL, NULL, NULL),
(11, 11, 'tarjeta', 200.00, 'rechazado', NULL, '2026-04-20 15:08:10', NULL, 'mp_preference_error', NULL, NULL),
(12, 12, 'tarjeta', 200.00, 'rechazado', NULL, '2026-04-20 15:08:14', NULL, 'mp_preference_error', NULL, NULL),
(13, 13, 'tarjeta', 200.00, 'rechazado', NULL, '2026-04-20 15:11:05', NULL, 'mp_preference_error', NULL, NULL),
(14, 14, 'tarjeta', 200.00, 'pendiente', NULL, '2026-04-20 15:11:43', NULL, NULL, NULL, NULL),
(15, 15, 'tarjeta', 200.00, 'pendiente', NULL, '2026-04-20 15:12:07', NULL, NULL, NULL, NULL),
(16, 16, 'tarjeta', 200.00, 'pendiente', NULL, '2026-04-20 15:14:33', NULL, NULL, NULL, NULL),
(17, 17, 'tarjeta', 200.00, 'pendiente', NULL, '2026-04-20 15:16:58', NULL, NULL, NULL, NULL),
(18, 18, 'tarjeta', 200.00, 'pendiente', NULL, '2026-04-20 15:19:18', NULL, NULL, NULL, NULL),
(19, 19, 'tarjeta', 200.00, 'pendiente', NULL, '2026-04-20 15:22:18', NULL, NULL, NULL, NULL),
(20, 20, 'tarjeta', 200.00, 'pendiente', NULL, '2026-04-20 15:25:33', NULL, NULL, NULL, NULL),
(21, 21, 'tarjeta', 200.00, 'pendiente', NULL, '2026-04-20 15:26:07', NULL, NULL, NULL, NULL),
(22, 22, 'tarjeta', 200.00, 'pendiente', NULL, '2026-04-20 15:35:18', NULL, NULL, NULL, NULL),
(23, 23, 'tarjeta', 200.00, 'pendiente', NULL, '2026-04-20 15:35:23', NULL, NULL, NULL, NULL),
(24, 24, 'tarjeta', 400.00, 'pendiente', NULL, '2026-04-20 15:38:52', NULL, NULL, NULL, NULL),
(25, 25, 'tarjeta', 400.00, 'pendiente', NULL, '2026-04-20 15:39:30', NULL, NULL, NULL, NULL),
(26, 26, 'tarjeta', 200.00, 'pendiente', NULL, '2026-04-20 15:40:46', NULL, NULL, NULL, NULL),
(27, 27, 'tarjeta', 300.00, 'aprobado', NULL, '2026-04-20 16:06:38', 'demo_27_1776726402046', 'demo_auto_approved', NULL, NULL),
(28, 28, 'tarjeta', 100.00, 'aprobado', NULL, '2026-04-20 16:11:24', 'demo_28_1776726708396', 'demo_auto_approved', NULL, NULL),
(29, 29, 'tarjeta', 100.00, 'pendiente', NULL, '2026-04-20 19:44:06', NULL, NULL, NULL, NULL),
(30, 30, 'tarjeta', 100.00, 'aprobado', NULL, '2026-04-20 19:44:40', 'demo_30_1776739483159', 'demo_auto_approved', NULL, NULL),
(31, 31, 'tarjeta', 100.00, 'aprobado', NULL, '2026-04-20 19:59:31', 'demo_31_1776740375764', 'demo_auto_approved', NULL, NULL);

-- --------------------------------------------------------

--
-- Estructura de tabla para la tabla `password_reset_codes`
--

CREATE TABLE `password_reset_codes` (
  `id` int(10) UNSIGNED NOT NULL,
  `user_id` int(10) UNSIGNED NOT NULL,
  `code_hash` char(64) NOT NULL,
  `expires_at` datetime NOT NULL,
  `created_at` datetime NOT NULL DEFAULT current_timestamp()
) ENGINE=InnoDB DEFAULT CHARSET=utf8mb4 COLLATE=utf8mb4_unicode_ci;

--
-- Volcado de datos para la tabla `password_reset_codes`
--

INSERT INTO `password_reset_codes` (`id`, `user_id`, `code_hash`, `expires_at`, `created_at`) VALUES
(3, 15, 'c83d38682da06bf1d2ead1d1574ef6d391688ca74ea8d9133c97f2f1d069c73e', '2026-04-03 20:07:16', '2026-04-03 19:52:16');

-- --------------------------------------------------------

--
-- Estructura de tabla para la tabla `recintos`
--

CREATE TABLE `recintos` (
  `id` int(11) NOT NULL,
  `nombre` varchar(200) NOT NULL,
  `ubicacion_resumen` varchar(255) DEFAULT NULL COMMENT 'Ciudad, zona o alias corto',
  `direccion` varchar(512) DEFAULT NULL,
  `url_mapa` varchar(512) DEFAULT NULL COMMENT 'Enlace Google Maps del recinto',
  `aforo_maximo` int(11) NOT NULL DEFAULT 0 COMMENT '0 = no validar tope; >0 = suma zonas del evento no puede excederlo',
  `activo` tinyint(1) NOT NULL DEFAULT 1,
  `created_at` timestamp NULL DEFAULT current_timestamp(),
  `url_plano` varchar(512) DEFAULT NULL COMMENT 'URL imagen del plano/asientos para hotspots'
) ENGINE=InnoDB DEFAULT CHARSET=utf8mb4 COLLATE=utf8mb4_unicode_ci;

--
-- Volcado de datos para la tabla `recintos`
--

INSERT INTO `recintos` (`id`, `nombre`, `ubicacion_resumen`, `direccion`, `url_mapa`, `aforo_maximo`, `activo`, `created_at`, `url_plano`) VALUES
(1, 'Estadio de Beisbol', 'Bosque de la CIUDAD', 'av. Nuevo Leon y 7', 'https://maps.app.goo.gl/i6mfu3DW3AfsisHV9', 4999, 1, '2026-04-04 08:19:12', 'https://www.nicepng.com/png/detail/908-9081284_stadium-allianz-arena-munich-seating-plan.png'),
(2, 'Auditorio Silvestre Rodríguez', 'Zona Comercial', 'Col. Comercial, 83449', 'https://maps.app.goo.gl/erwAuuqbj1cuX3bL8', 5000, 1, '2026-04-05 06:16:47', 'https://www.nicepng.com/png/detail/908-9081284_stadium-allianz-arena-munich-seating-plan.png'),
(3, 'Parque Benito Juarez', 'Ayuntamiento de san luis', 'Benito Juárez y Cuarta SN, Comercial, 83400 ', 'https://maps.app.goo.gl/jZzLCZdsFnEnCuHj6', 5000, 1, '2026-04-05 06:17:04', 'https://www.nicepng.com/png/detail/908-9081284_stadium-allianz-arena-munich-seating-plan.png');

-- --------------------------------------------------------

--
-- Estructura de tabla para la tabla `recinto_plantilla_zonas`
--

CREATE TABLE `recinto_plantilla_zonas` (
  `id` int(11) NOT NULL,
  `idrecinto` int(11) NOT NULL,
  `nombre_seccion` varchar(120) NOT NULL,
  `descripcion_zona` text DEFAULT NULL,
  `precio_sugerido` decimal(12,2) NOT NULL DEFAULT 0.00,
  `capacidad` int(11) NOT NULL,
  `limite_por_transaccion` int(11) DEFAULT NULL,
  `orden` int(11) NOT NULL DEFAULT 0,
  `pos_x` decimal(5,2) DEFAULT NULL COMMENT 'Hotspot horizontal % sobre url_plano',
  `pos_y` decimal(5,2) DEFAULT NULL COMMENT 'Hotspot vertical % sobre url_plano'
) ENGINE=InnoDB DEFAULT CHARSET=utf8mb4 COLLATE=utf8mb4_unicode_ci;

--
-- Volcado de datos para la tabla `recinto_plantilla_zonas`
--

INSERT INTO `recinto_plantilla_zonas` (`id`, `idrecinto`, `nombre_seccion`, `descripcion_zona`, `precio_sugerido`, `capacidad`, `limite_por_transaccion`, `orden`, `pos_x`, `pos_y`) VALUES
(1, 1, 'GENERAL', NULL, 100.00, 100, NULL, 0, NULL, NULL),
(2, 3, 'GENERAL', 'prueba', 100.00, 100, 5, 0, NULL, NULL),
(3, 2, 'GENERAL', NULL, 100.00, 100, NULL, 0, NULL, NULL);

-- --------------------------------------------------------

--
-- Estructura de tabla para la tabla `usuarios`
--

CREATE TABLE `usuarios` (
  `id` int(11) NOT NULL,
  `nombre` varchar(100) NOT NULL,
  `email` varchar(150) NOT NULL,
  `passwordhash` varchar(255) NOT NULL,
  `rol` enum('admin','organizador','usuario','pruebas') NOT NULL DEFAULT 'usuario',
  `activo` tinyint(1) NOT NULL DEFAULT 1 COMMENT '1=activo 0=suspendido',
  `ultimo_acceso_at` datetime DEFAULT NULL COMMENT 'Último login exitoso',
  `ultimo_login_metodo` varchar(16) DEFAULT NULL COMMENT 'password | google',
  `telefono` varchar(20) DEFAULT NULL,
  `avatar` varchar(255) DEFAULT NULL,
  `fecha_registro` datetime DEFAULT current_timestamp(),
  `google_id` varchar(255) DEFAULT NULL,
  `apellido` varchar(100) DEFAULT NULL,
  `pais` varchar(100) DEFAULT NULL
) ENGINE=InnoDB DEFAULT CHARSET=utf8mb4 COLLATE=utf8mb4_general_ci;

--
-- Volcado de datos para la tabla `usuarios`
--

INSERT INTO `usuarios` (`id`, `nombre`, `email`, `passwordhash`, `rol`, `activo`, `ultimo_acceso_at`, `ultimo_login_metodo`, `telefono`, `avatar`, `fecha_registro`, `google_id`, `apellido`, `pais`) VALUES
(1, 'Kevin Alberto', 'Kevin.maringlez@gmail.com', '$2a$10$4lE.3jfmC3gFGDFg4yL8tuvl9yXx0K4/fwN/fBxr5hiRqOD.jqC0i', 'organizador', 1, '2026-04-05 00:06:12', 'google', '6531761292', NULL, '2026-03-26 23:30:08', '117876385998006257832', 'Gonzalez Marin', 'México'),
(2, 'Kevin', 'Kevin@gmail123', '$2a$10$4FkDPQca8JEUvhqNz348GOfbDx1VTLXvW9BzZklwBSRLA0YZs/8R2', 'admin', 1, NULL, NULL, NULL, NULL, '2026-03-26 23:30:08', NULL, NULL, NULL),
(3, 'Juan', 'miscojones@gmail', '$2a$10$Z.Rtlw9GFQroC1o1VxbLAuUQu35cnsryP.J716NnHUFO.EJTOgxuG', 'admin', 1, NULL, NULL, NULL, NULL, '2026-03-26 23:30:08', NULL, NULL, NULL),
(4, 'Bihanka', 'yazz@gmail.com', '$2a$10$vdraS56ysbcwm9KUMhCQoet7bs3eaeJGmuuUKygJo5Q8nq9MNmgmG', 'usuario', 1, NULL, NULL, NULL, NULL, '2026-03-26 23:30:08', NULL, NULL, NULL),
(5, 'kevin2', 'kevin@gmail.com', '$2a$10$/7ZEomZlk110rI4J0BaIJezXJAhkAZlhgFlg/HZOoRehZH062MwgK', 'usuario', 1, NULL, NULL, NULL, NULL, '2026-03-26 23:42:43', NULL, NULL, NULL),
(10, 'SERVIDOR', 'servermicra935@gmail.com', '$2a$10$wkgfZu4Hxm7V.qcA4pIXuOLQMBW1ZXw5dzq6rXeEU6qx5va3JNNvG', 'usuario', 1, '2026-04-04 23:20:31', 'google', '234523523', NULL, '2026-04-03 17:59:44', '101485558382745199455', 'MINECRAFT', 'México'),
(15, 'Super', 'superciclado@gmail.com', '$2a$10$5GUqKcXvrxD14YKnMTg1uOACtlB9PhxrMUKGknfmx5/aCT7ff37nm', 'admin', 1, '2026-04-04 22:40:09', 'google', '6531761292', NULL, '2026-04-03 18:25:34', '114430325810649565133', 'Ciclado 2.6', 'México'),
(20, 'Juan', 'juan@gmail.com', '12345678', 'organizador', 1, NULL, NULL, NULL, NULL, '2026-04-03 20:27:15', NULL, NULL, NULL),
(21, 'Admin', 'admin@tudominio.com', '$2a$10$s3VAE.VJXh8RTLNKTf7Bduo1VAx0YRzeeuV/dai/AF4wMQebMp8N.', 'admin', 1, '2026-04-20 15:41:34', 'password', NULL, NULL, '2026-04-03 22:42:37', NULL, 'Sistema', NULL),
(22, 'Juan Jose', 'juanjosemartins619@gmail.com', '$2a$10$JZ/ZgmB6c0fcAukVv9UGcuWtMJIVxbeSTtwZQoqOliAvITlacjk.S', 'pruebas', 1, '2026-04-20 19:44:31', 'google', '6531455962', NULL, '2026-04-05 19:01:57', '103669351365771448398', 'Martinez Alcantar', 'México'),
(23, 'juan jose', 'juanjosemartins617@gmail.com', '$2a$10$T0HrRaeI6zylkmyvRHpC7eEMgYGeRq9GPlGwvoRkGlENhdh3NejDi', 'organizador', 1, '2026-04-20 19:34:08', 'google', '6531455962', NULL, '2026-04-12 21:36:10', '112803784942883181023', 'martinez', 'México');

--
-- Índices para tablas volcadas
--

--
-- Indices de la tabla `admin_usuario_auditoria`
--
ALTER TABLE `admin_usuario_auditoria`
  ADD PRIMARY KEY (`id`),
  ADD KEY `idx_audit_target` (`target_user_id`),
  ADD KEY `idx_audit_admin` (`admin_user_id`);

--
-- Indices de la tabla `boletos`
--
ALTER TABLE `boletos`
  ADD PRIMARY KEY (`id`),
  ADD UNIQUE KEY `codigoqr` (`codigoqr`),
  ADD KEY `idusuario` (`idusuario`),
  ADD KEY `idevento` (`idevento`);

--
-- Indices de la tabla `categorias`
--
ALTER TABLE `categorias`
  ADD PRIMARY KEY (`id`),
  ADD UNIQUE KEY `nombre` (`nombre`);

--
-- Indices de la tabla `eventos`
--
ALTER TABLE `eventos`
  ADD PRIMARY KEY (`id`),
  ADD KEY `idorganizador` (`idorganizador`),
  ADD KEY `idx_eventos_catalogo` (`activo`,`estado_moderacion`,`cancelado_at`,`destacado`),
  ADD KEY `idx_eventos_idrecinto` (`idrecinto`);

--
-- Indices de la tabla `evento_asientos`
--
ALTER TABLE `evento_asientos`
  ADD PRIMARY KEY (`id`),
  ADD UNIQUE KEY `uk_zona_fila_col` (`id_zona`,`fila`,`columna`),
  ADD KEY `idx_zona_estado` (`id_zona`,`estado`),
  ADD KEY `idx_held` (`id_orden_held`),
  ADD KEY `idx_compra` (`id_orden_compra`);

--
-- Indices de la tabla `evento_asiento_zona_tipo`
--
ALTER TABLE `evento_asiento_zona_tipo`
  ADD PRIMARY KEY (`id`),
  ADD UNIQUE KEY `uk_asiento_unico_tipo` (`id_asiento`),
  ADD KEY `idx_tipo_zona` (`id_zona_tarifa`);

--
-- Indices de la tabla `evento_resenas`
--
ALTER TABLE `evento_resenas`
  ADD PRIMARY KEY (`id`),
  ADD UNIQUE KEY `uk_resena_evento_usuario` (`idevento`,`idusuario`),
  ADD KEY `idx_resenas_evento` (`idevento`),
  ADD KEY `idx_resenas_oculto` (`oculto`),
  ADD KEY `evento_resenas_ibfk_usuario` (`idusuario`);

--
-- Indices de la tabla `evento_zonas`
--
ALTER TABLE `evento_zonas`
  ADD PRIMARY KEY (`id`),
  ADD KEY `idx_evento_zonas_idevento` (`idevento`);

--
-- Indices de la tabla `logs_actividad`
--
ALTER TABLE `logs_actividad`
  ADD PRIMARY KEY (`id`);

--
-- Indices de la tabla `ordenes`
--
ALTER TABLE `ordenes`
  ADD PRIMARY KEY (`id`),
  ADD KEY `idusuario` (`idusuario`),
  ADD KEY `idx_ordenes_mp_preference` (`mp_preference_id`),
  ADD KEY `idx_ordenes_idevento` (`idevento`);

--
-- Indices de la tabla `pagos`
--
ALTER TABLE `pagos`
  ADD PRIMARY KEY (`id`),
  ADD UNIQUE KEY `uk_pagos_mp_payment_id` (`mp_payment_id`),
  ADD KEY `idorden` (`idorden`);

--
-- Indices de la tabla `password_reset_codes`
--
ALTER TABLE `password_reset_codes`
  ADD PRIMARY KEY (`id`),
  ADD UNIQUE KEY `uk_user` (`user_id`),
  ADD KEY `idx_expires_at` (`expires_at`);

--
-- Indices de la tabla `recintos`
--
ALTER TABLE `recintos`
  ADD PRIMARY KEY (`id`),
  ADD KEY `idx_recintos_activo` (`activo`);

--
-- Indices de la tabla `recinto_plantilla_zonas`
--
ALTER TABLE `recinto_plantilla_zonas`
  ADD PRIMARY KEY (`id`),
  ADD KEY `idx_plantilla_recinto` (`idrecinto`);

--
-- Indices de la tabla `usuarios`
--
ALTER TABLE `usuarios`
  ADD PRIMARY KEY (`id`),
  ADD UNIQUE KEY `email` (`email`),
  ADD KEY `idx_usuarios_rol_activo` (`rol`,`activo`);

--
-- AUTO_INCREMENT de las tablas volcadas
--

--
-- AUTO_INCREMENT de la tabla `admin_usuario_auditoria`
--
ALTER TABLE `admin_usuario_auditoria`
  MODIFY `id` int(11) NOT NULL AUTO_INCREMENT, AUTO_INCREMENT=37;

--
-- AUTO_INCREMENT de la tabla `boletos`
--
ALTER TABLE `boletos`
  MODIFY `id` int(11) NOT NULL AUTO_INCREMENT;

--
-- AUTO_INCREMENT de la tabla `categorias`
--
ALTER TABLE `categorias`
  MODIFY `id` int(11) NOT NULL AUTO_INCREMENT, AUTO_INCREMENT=9;

--
-- AUTO_INCREMENT de la tabla `eventos`
--
ALTER TABLE `eventos`
  MODIFY `id` int(11) NOT NULL AUTO_INCREMENT, AUTO_INCREMENT=51;

--
-- AUTO_INCREMENT de la tabla `evento_asientos`
--
ALTER TABLE `evento_asientos`
  MODIFY `id` int(11) NOT NULL AUTO_INCREMENT, AUTO_INCREMENT=5381;

--
-- AUTO_INCREMENT de la tabla `evento_asiento_zona_tipo`
--
ALTER TABLE `evento_asiento_zona_tipo`
  MODIFY `id` int(11) NOT NULL AUTO_INCREMENT, AUTO_INCREMENT=2764;

--
-- AUTO_INCREMENT de la tabla `evento_resenas`
--
ALTER TABLE `evento_resenas`
  MODIFY `id` int(11) NOT NULL AUTO_INCREMENT, AUTO_INCREMENT=2;

--
-- AUTO_INCREMENT de la tabla `evento_zonas`
--
ALTER TABLE `evento_zonas`
  MODIFY `id` int(11) NOT NULL AUTO_INCREMENT, AUTO_INCREMENT=139;

--
-- AUTO_INCREMENT de la tabla `logs_actividad`
--
ALTER TABLE `logs_actividad`
  MODIFY `id` int(11) NOT NULL AUTO_INCREMENT, AUTO_INCREMENT=11;

--
-- AUTO_INCREMENT de la tabla `ordenes`
--
ALTER TABLE `ordenes`
  MODIFY `id` int(11) NOT NULL AUTO_INCREMENT, AUTO_INCREMENT=32;

--
-- AUTO_INCREMENT de la tabla `pagos`
--
ALTER TABLE `pagos`
  MODIFY `id` int(11) NOT NULL AUTO_INCREMENT, AUTO_INCREMENT=32;

--
-- AUTO_INCREMENT de la tabla `password_reset_codes`
--
ALTER TABLE `password_reset_codes`
  MODIFY `id` int(10) UNSIGNED NOT NULL AUTO_INCREMENT, AUTO_INCREMENT=6;

--
-- AUTO_INCREMENT de la tabla `recintos`
--
ALTER TABLE `recintos`
  MODIFY `id` int(11) NOT NULL AUTO_INCREMENT, AUTO_INCREMENT=4;

--
-- AUTO_INCREMENT de la tabla `recinto_plantilla_zonas`
--
ALTER TABLE `recinto_plantilla_zonas`
  MODIFY `id` int(11) NOT NULL AUTO_INCREMENT, AUTO_INCREMENT=4;

--
-- AUTO_INCREMENT de la tabla `usuarios`
--
ALTER TABLE `usuarios`
  MODIFY `id` int(11) NOT NULL AUTO_INCREMENT, AUTO_INCREMENT=24;

--
-- Restricciones para tablas volcadas
--

--
-- Filtros para la tabla `admin_usuario_auditoria`
--
ALTER TABLE `admin_usuario_auditoria`
  ADD CONSTRAINT `fk_audit_admin` FOREIGN KEY (`admin_user_id`) REFERENCES `usuarios` (`id`) ON DELETE CASCADE,
  ADD CONSTRAINT `fk_audit_target` FOREIGN KEY (`target_user_id`) REFERENCES `usuarios` (`id`) ON DELETE CASCADE;

--
-- Filtros para la tabla `boletos`
--
ALTER TABLE `boletos`
  ADD CONSTRAINT `boletos_ibfk_1` FOREIGN KEY (`idusuario`) REFERENCES `usuarios` (`id`),
  ADD CONSTRAINT `boletos_ibfk_2` FOREIGN KEY (`idevento`) REFERENCES `eventos` (`id`);

--
-- Filtros para la tabla `eventos`
--
ALTER TABLE `eventos`
  ADD CONSTRAINT `eventos_ibfk_1` FOREIGN KEY (`idorganizador`) REFERENCES `usuarios` (`id`),
  ADD CONSTRAINT `fk_eventos_recinto` FOREIGN KEY (`idrecinto`) REFERENCES `recintos` (`id`) ON DELETE SET NULL ON UPDATE CASCADE;

--
-- Filtros para la tabla `evento_asientos`
--
ALTER TABLE `evento_asientos`
  ADD CONSTRAINT `fk_asiento_zona` FOREIGN KEY (`id_zona`) REFERENCES `evento_zonas` (`id`) ON DELETE CASCADE ON UPDATE CASCADE;

--
-- Filtros para la tabla `evento_asiento_zona_tipo`
--
ALTER TABLE `evento_asiento_zona_tipo`
  ADD CONSTRAINT `fk_eazt_asiento` FOREIGN KEY (`id_asiento`) REFERENCES `evento_asientos` (`id`) ON DELETE CASCADE ON UPDATE CASCADE,
  ADD CONSTRAINT `fk_eazt_zona` FOREIGN KEY (`id_zona_tarifa`) REFERENCES `evento_zonas` (`id`) ON DELETE CASCADE ON UPDATE CASCADE;

--
-- Filtros para la tabla `evento_resenas`
--
ALTER TABLE `evento_resenas`
  ADD CONSTRAINT `evento_resenas_ibfk_evento` FOREIGN KEY (`idevento`) REFERENCES `eventos` (`id`) ON DELETE CASCADE ON UPDATE CASCADE,
  ADD CONSTRAINT `evento_resenas_ibfk_usuario` FOREIGN KEY (`idusuario`) REFERENCES `usuarios` (`id`) ON DELETE CASCADE ON UPDATE CASCADE;

--
-- Filtros para la tabla `evento_zonas`
--
ALTER TABLE `evento_zonas`
  ADD CONSTRAINT `evento_zonas_ibfk_evento` FOREIGN KEY (`idevento`) REFERENCES `eventos` (`id`) ON DELETE CASCADE ON UPDATE CASCADE;

--
-- Filtros para la tabla `ordenes`
--
ALTER TABLE `ordenes`
  ADD CONSTRAINT `ordenes_ibfk_1` FOREIGN KEY (`idusuario`) REFERENCES `usuarios` (`id`),
  ADD CONSTRAINT `ordenes_ibfk_evento` FOREIGN KEY (`idevento`) REFERENCES `eventos` (`id`) ON DELETE SET NULL ON UPDATE CASCADE;

--
-- Filtros para la tabla `pagos`
--
ALTER TABLE `pagos`
  ADD CONSTRAINT `pagos_ibfk_1` FOREIGN KEY (`idorden`) REFERENCES `ordenes` (`id`);

--
-- Filtros para la tabla `recinto_plantilla_zonas`
--
ALTER TABLE `recinto_plantilla_zonas`
  ADD CONSTRAINT `fk_plantilla_recinto` FOREIGN KEY (`idrecinto`) REFERENCES `recintos` (`id`) ON DELETE CASCADE ON UPDATE CASCADE;
COMMIT;

/*!40101 SET CHARACTER_SET_CLIENT=@OLD_CHARACTER_SET_CLIENT */;
/*!40101 SET CHARACTER_SET_RESULTS=@OLD_CHARACTER_SET_RESULTS */;
/*!40101 SET COLLATION_CONNECTION=@OLD_COLLATION_CONNECTION */;
